time,open,high,low,close,volume,Ticker
2020-01-02 07:00:00,8.1,8.27,8.04,8.27,4232230,HPG
2020-01-03 07:00:00,8.34,8.39,8.29,8.32,7832210,HPG
2020-01-06 07:00:00,8.27,8.35,8.22,8.27,5371060,HPG
2020-01-07 07:00:00,8.3,8.34,8.13,8.17,4871220,HPG
2020-01-08 07:00:00,8.1,8.15,7.98,8.08,6421130,HPG
2020-01-09 07:00:00,8.13,8.32,8.13,8.27,4613440,HPG
2020-01-10 07:00:00,8.3,8.46,8.29,8.34,10006180,HPG
2020-01-13 07:00:00,8.34,8.41,8.3,8.35,4456520,HPG
2020-01-14 07:00:00,8.35,8.63,8.34,8.61,9565300,HPG
2020-01-15 07:00:00,8.63,8.73,8.58,8.67,5881520,HPG
2020-01-16 07:00:00,8.61,8.73,8.6,8.72,6855030,HPG
2020-01-17 07:00:00,8.72,8.84,8.58,8.61,6329150,HPG
2020-01-20 07:00:00,8.61,8.79,8.51,8.79,5711790,HPG
2020-01-21 07:00:00,8.87,8.96,8.8,8.91,5911660,HPG
2020-01-22 07:00:00,8.91,9.1,8.91,9.06,8919900,HPG
2020-01-30 07:00:00,8.8,8.92,8.6,8.72,13028790,HPG
2020-01-31 07:00:00,8.61,8.72,8.3,8.3,10994970,HPG
2020-02-03 07:00:00,8.03,8.54,7.82,8.46,12079180,HPG
2020-02-04 07:00:00,8.49,8.54,8.3,8.48,8086090,HPG
2020-02-05 07:00:00,8.56,8.61,8.34,8.42,6938550,HPG
2020-02-06 07:00:00,8.39,8.68,8.37,8.68,9214150,HPG
2020-02-07 07:00:00,8.68,8.72,8.34,8.39,8120240,HPG
2020-02-10 07:00:00,8.27,8.49,8.25,8.39,4794830,HPG
2020-02-11 07:00:00,8.42,8.48,8.08,8.13,12551620,HPG
2020-02-12 07:00:00,8.1,8.32,8.08,8.2,9581940,HPG
2020-02-13 07:00:00,8.18,8.23,8.13,8.17,5263180,HPG
2020-02-14 07:00:00,8.13,8.18,8.04,8.17,5052290,HPG
2020-02-17 07:00:00,8.17,8.22,8.13,8.18,2716840,HPG
2020-02-18 07:00:00,8.22,8.22,8.03,8.03,7456030,HPG
2020-02-19 07:00:00,8.03,8.08,7.96,8.01,5481650,HPG
2020-02-20 07:00:00,8.08,8.18,8.01,8.18,5225250,HPG
2020-02-21 07:00:00,8.18,8.2,8.1,8.11,4513960,HPG
2020-02-24 07:00:00,7.84,7.98,7.82,7.82,12938030,HPG
2020-02-25 07:00:00,7.79,7.96,7.79,7.96,5303830,HPG
2020-02-26 07:00:00,7.84,7.92,7.82,7.84,4502880,HPG
2020-02-27 07:00:00,7.82,7.94,7.82,7.91,3318240,HPG
2020-02-28 07:00:00,7.77,7.86,7.67,7.7,6583970,HPG
2020-03-02 07:00:00,7.65,7.75,7.65,7.68,3957540,HPG
2020-03-03 07:00:00,7.86,7.86,7.68,7.68,4411940,HPG
2020-03-04 07:00:00,7.72,7.79,7.7,7.7,2946050,HPG
2020-03-05 07:00:00,7.79,7.8,7.7,7.7,2594810,HPG
2020-03-06 07:00:00,7.7,7.73,7.67,7.72,3035470,HPG
2020-03-09 07:00:00,7.18,7.42,7.18,7.18,16567350,HPG
2020-03-10 07:00:00,7.06,7.49,7.06,7.46,8137980,HPG
2020-03-11 07:00:00,7.48,7.51,6.94,7.08,8527920,HPG
2020-03-12 07:00:00,6.74,6.82,6.6,6.63,13041040,HPG
2020-03-13 07:00:00,6.22,6.79,6.18,6.56,12836580,HPG
2020-03-16 07:00:00,6.62,6.84,6.53,6.58,9283920,HPG
2020-03-17 07:00:00,6.41,6.65,6.41,6.62,6053400,HPG
2020-03-18 07:00:00,6.68,6.93,6.67,6.79,10396530,HPG
2020-03-19 07:00:00,6.68,6.72,6.51,6.6,7773200,HPG
2020-03-20 07:00:00,6.63,6.65,6.41,6.41,13401260,HPG
2020-03-23 07:00:00,5.99,6.2,5.96,5.96,12947170,HPG
2020-03-24 07:00:00,5.86,5.98,5.74,5.89,13831390,HPG
2020-03-25 07:00:00,6.15,6.15,5.99,6.13,7758210,HPG
2020-03-26 07:00:00,6.05,6.06,5.82,5.84,8514960,HPG
2020-03-27 07:00:00,5.82,5.86,5.44,5.58,13442640,HPG
2020-03-30 07:00:00,5.27,5.75,5.25,5.63,10870540,HPG
2020-03-31 07:00:00,5.63,5.98,5.25,5.81,11163440,HPG
2020-04-01 07:00:00,5.75,6.03,5.74,5.94,4859650,HPG
2020-04-03 07:00:00,5.94,6.1,5.93,6.08,6503290,HPG
2020-04-06 07:00:00,6.25,6.49,6.17,6.49,10207240,HPG
2020-04-07 07:00:00,6.56,6.58,6.29,6.55,7655220,HPG
2020-04-08 07:00:00,6.34,6.48,6.3,6.44,5106690,HPG
2020-04-09 07:00:00,6.48,6.55,6.39,6.39,7134720,HPG
2020-04-10 07:00:00,6.37,6.55,6.3,6.48,5558450,HPG
2020-04-13 07:00:00,6.48,6.72,6.44,6.67,9039420,HPG
2020-04-14 07:00:00,6.65,6.87,6.62,6.87,8744760,HPG
2020-04-15 07:00:00,6.89,6.99,6.87,6.93,5960450,HPG
2020-04-16 07:00:00,6.87,7.03,6.8,6.98,6665670,HPG
2020-04-17 07:00:00,6.98,7.17,6.96,7.13,8818780,HPG
2020-04-20 07:00:00,7.24,7.41,7.08,7.3,9422860,HPG
2020-04-21 07:00:00,7.15,7.32,6.94,6.96,11934810,HPG
2020-04-22 07:00:00,7.06,7.34,6.99,7.17,11038450,HPG
2020-04-23 07:00:00,7.34,7.56,7.34,7.44,8345940,HPG
2020-04-24 07:00:00,7.48,7.65,7.34,7.61,8301090,HPG
2020-04-27 07:00:00,7.67,7.79,7.53,7.56,6636160,HPG
2020-04-28 07:00:00,7.58,7.61,7.32,7.37,7687010,HPG
2020-04-29 07:00:00,7.41,7.48,7.24,7.41,7447050,HPG
2020-05-04 07:00:00,7.41,7.42,7.24,7.24,4834580,HPG
2020-05-05 07:00:00,7.37,7.46,7.34,7.37,5894530,HPG
2020-05-06 07:00:00,7.42,7.65,7.41,7.65,7620940,HPG
2020-05-07 07:00:00,7.68,8.13,7.68,8.13,14733250,HPG
2020-05-08 07:00:00,8.2,8.32,8.06,8.06,12484610,HPG
2020-05-11 07:00:00,8.25,8.3,8.03,8.25,7220240,HPG
2020-05-12 07:00:00,8.15,8.23,8.06,8.15,10527620,HPG
2020-05-13 07:00:00,8.08,8.34,8.03,8.3,9608210,HPG
2020-05-14 07:00:00,8.2,8.3,8.17,8.25,6517150,HPG
2020-05-15 07:00:00,8.25,8.29,8.06,8.1,7931980,HPG
2020-05-18 07:00:00,8.42,8.65,8.27,8.65,13491620,HPG
2020-05-19 07:00:00,9.1,9.25,8.98,9.01,18842950,HPG
2020-05-20 07:00:00,8.96,9.16,8.84,9.11,11584470,HPG
2020-05-21 07:00:00,9.08,9.15,8.99,9.13,11213810,HPG
2020-05-22 07:00:00,9.08,9.46,9.04,9.39,16252810,HPG
2020-05-25 07:00:00,9.47,9.58,9.35,9.41,11168880,HPG
2020-05-26 07:00:00,9.42,9.78,9.41,9.78,11503490,HPG
2020-05-27 07:00:00,9.85,9.85,9.37,9.37,19779140,HPG
2020-05-28 07:00:00,9.47,9.51,9.27,9.37,14486370,HPG
2020-05-29 07:00:00,9.41,9.54,9.3,9.44,12580390,HPG
2020-06-01 07:00:00,9.58,9.58,9.46,9.53,8022890,HPG
2020-06-02 07:00:00,9.58,9.58,9.29,9.32,11489000,HPG
2020-06-03 07:00:00,9.32,9.37,9.16,9.29,12018120,HPG
2020-06-04 07:00:00,9.3,9.44,9.16,9.16,13488200,HPG
2020-06-05 07:00:00,9.13,9.41,9.03,9.32,13532060,HPG
2020-06-08 07:00:00,9.47,9.68,9.41,9.54,17144920,HPG
2020-06-09 07:00:00,9.63,9.65,9.29,9.34,18693450,HPG
2020-06-10 07:00:00,9.3,9.44,9.18,9.3,9871400,HPG
2020-06-11 07:00:00,9.25,9.35,8.79,8.79,22873160,HPG
2020-06-12 07:00:00,8.44,9.13,8.44,9.13,18881260,HPG
2020-06-15 07:00:00,9.06,9.13,8.73,8.75,11332840,HPG
2020-06-16 07:00:00,8.96,9.1,8.84,9.03,9024610,HPG
2020-06-17 07:00:00,9.03,9.11,8.92,9.04,7066110,HPG
2020-06-18 07:00:00,8.94,9.25,8.91,9.23,9055090,HPG
2020-06-19 07:00:00,9.3,9.42,9.3,9.42,10532760,HPG
2020-06-22 07:00:00,9.44,9.58,9.29,9.41,9729970,HPG
2020-06-23 07:00:00,9.41,9.54,9.22,9.3,11382760,HPG
2020-06-24 07:00:00,9.3,9.42,9.23,9.3,6516760,HPG
2020-06-25 07:00:00,9.2,9.58,9.15,9.41,24410040,HPG
2020-06-26 07:00:00,9.44,9.51,9.3,9.37,9363870,HPG
2020-06-29 07:00:00,9.27,9.3,9.04,9.18,12378070,HPG
2020-06-30 07:00:00,9.23,9.44,9.15,9.23,14826230,HPG
2020-07-01 07:00:00,9.3,9.47,9.27,9.44,10843030,HPG
2020-07-02 07:00:00,9.47,9.56,9.44,9.51,13000820,HPG
2020-07-03 07:00:00,9.54,9.56,9.44,9.47,8111500,HPG
2020-07-06 07:00:00,9.54,9.56,9.46,9.51,9764620,HPG
2020-07-07 07:00:00,9.56,9.96,9.54,9.77,28048770,HPG
2020-07-08 07:00:00,9.7,9.8,9.61,9.66,9155900,HPG
2020-07-09 07:00:00,9.68,9.75,9.63,9.7,7588480,HPG
2020-07-10 07:00:00,9.65,9.73,9.51,9.56,14457460,HPG
2020-07-13 07:00:00,9.49,9.6,9.39,9.53,14702360,HPG
2020-07-14 07:00:00,9.46,9.63,9.44,9.61,5757320,HPG
2020-07-15 07:00:00,9.72,9.78,9.66,9.66,6561150,HPG
2020-07-16 07:00:00,9.72,9.96,9.63,9.85,17916710,HPG
2020-07-17 07:00:00,9.89,9.91,9.84,9.84,6759400,HPG
2020-07-20 07:00:00,9.82,9.89,9.65,9.65,11602590,HPG
2020-07-21 07:00:00,9.68,9.73,9.58,9.68,11724470,HPG
2020-07-22 07:00:00,9.75,9.78,9.63,9.68,7461530,HPG
2020-07-23 07:00:00,9.68,9.72,9.54,9.72,10177170,HPG
2020-07-24 07:00:00,9.65,9.66,9.06,9.25,21288480,HPG
2020-07-27 07:00:00,8.98,9.35,8.89,8.94,18389440,HPG
2020-07-28 07:00:00,9.13,9.47,9.03,9.42,14119250,HPG
2020-07-29 07:00:00,9.38,9.59,8.9,9.15,18544880,HPG
2020-07-30 07:00:00,9.21,9.38,9.19,9.3,11357060,HPG
2020-07-31 07:00:00,9.02,9.28,9.02,9.13,7656240,HPG
2020-08-03 07:00:00,9.13,9.68,9.13,9.63,16896050,HPG
2020-08-04 07:00:00,9.76,9.8,9.59,9.68,11086090,HPG
2020-08-05 07:00:00,9.68,10.24,9.63,10.14,25912970,HPG
2020-08-06 07:00:00,10.14,10.26,10.01,10.12,13744810,HPG
2020-08-07 07:00:00,10.1,10.22,10.08,10.18,12162410,HPG
2020-08-10 07:00:00,10.29,10.41,10.22,10.22,14144220,HPG
2020-08-11 07:00:00,10.26,10.33,10.14,10.2,9675910,HPG
2020-08-12 07:00:00,10.22,10.31,10.14,10.22,8827420,HPG
2020-08-13 07:00:00,10.31,10.35,10.22,10.31,7562850,HPG
2020-08-14 07:00:00,10.31,10.35,10.05,10.14,15356070,HPG
2020-08-17 07:00:00,10.12,10.22,10.08,10.22,8428450,HPG
2020-08-18 07:00:00,10.26,10.26,10.14,10.16,5130610,HPG
2020-08-19 07:00:00,10.18,10.26,10.14,10.2,9266940,HPG
2020-08-20 07:00:00,10.2,10.24,10.1,10.14,9685120,HPG
2020-08-21 07:00:00,10.14,10.26,10.12,10.24,8930990,HPG
2020-08-24 07:00:00,10.31,10.5,10.26,10.43,13933710,HPG
2020-08-25 07:00:00,10.47,10.54,10.33,10.33,10722520,HPG
2020-08-26 07:00:00,10.31,10.33,10.18,10.18,16327190,HPG
2020-08-27 07:00:00,10.18,10.24,10.14,10.22,8801320,HPG
2020-08-28 07:00:00,10.31,10.31,10.2,10.22,11603550,HPG
2020-08-31 07:00:00,10.18,10.43,10.18,10.33,13334160,HPG
2020-09-01 07:00:00,10.33,10.5,10.29,10.43,16754410,HPG
2020-09-03 07:00:00,10.52,10.6,10.47,10.52,14553930,HPG
2020-09-04 07:00:00,10.37,10.56,10.37,10.5,18820560,HPG
2020-09-07 07:00:00,10.52,10.56,10.31,10.31,14336100,HPG
2020-09-08 07:00:00,10.35,10.39,10.29,10.37,12260110,HPG
2020-09-09 07:00:00,10.26,10.5,10.24,10.31,19632380,HPG
2020-09-10 07:00:00,10.39,10.45,10.31,10.33,12106250,HPG
2020-09-11 07:00:00,10.33,10.37,10.29,10.29,11672440,HPG
2020-09-14 07:00:00,10.31,10.41,10.31,10.35,12723310,HPG
2020-09-15 07:00:00,10.41,10.5,10.37,10.39,8859250,HPG
2020-09-16 07:00:00,10.41,10.43,10.35,10.39,6887240,HPG
2020-09-17 07:00:00,10.41,10.73,10.39,10.69,26759480,HPG
2020-09-18 07:00:00,10.75,10.81,10.73,10.81,12475700,HPG
2020-09-21 07:00:00,10.9,10.92,10.77,10.81,11631470,HPG
2020-09-22 07:00:00,10.73,10.81,10.69,10.75,15285880,HPG
2020-09-23 07:00:00,10.79,10.9,10.75,10.85,12589480,HPG
2020-09-24 07:00:00,10.81,10.9,10.73,10.79,12435190,HPG
2020-09-25 07:00:00,10.85,10.85,10.73,10.83,10094210,HPG
2020-09-28 07:00:00,10.85,11.11,10.81,11.11,17573130,HPG
2020-09-29 07:00:00,11.13,11.27,11.08,11.08,18456820,HPG
2020-09-30 07:00:00,11.08,11.17,10.98,11.11,12985480,HPG
2020-10-01 07:00:00,11.19,11.44,11.15,11.36,17161730,HPG
2020-10-02 07:00:00,11.38,11.46,10.94,11.23,20213120,HPG
2020-10-05 07:00:00,11.3,11.53,11.3,11.51,12791350,HPG
2020-10-06 07:00:00,11.55,11.88,11.44,11.88,23609700,HPG
2020-10-07 07:00:00,11.82,11.9,11.69,11.69,14752610,HPG
2020-10-08 07:00:00,11.78,11.82,11.65,11.82,18239670,HPG
2020-10-09 07:00:00,11.86,12.07,11.78,11.99,9464850,HPG
2020-10-12 07:00:00,12.05,12.09,11.8,11.88,12258740,HPG
2020-10-13 07:00:00,11.86,11.88,11.74,11.78,10665790,HPG
2020-10-14 07:00:00,11.76,11.93,11.69,11.93,14240330,HPG
2020-10-15 07:00:00,12.62,12.62,12.22,12.22,30525160,HPG
2020-10-16 07:00:00,12.28,12.41,12.18,12.24,17319070,HPG
2020-10-19 07:00:00,12.26,12.3,12.14,12.16,10939140,HPG
2020-10-20 07:00:00,12.09,12.35,12.07,12.35,13319200,HPG
2020-10-21 07:00:00,12.39,12.45,12.2,12.24,10669590,HPG
2020-10-22 07:00:00,12.2,12.45,12.16,12.45,13072020,HPG
2020-10-23 07:00:00,12.54,13.0,12.47,13.0,29534980,HPG
2020-10-26 07:00:00,13.04,13.46,12.91,12.96,20357350,HPG
2020-10-27 07:00:00,12.87,13.34,12.85,13.21,25281540,HPG
2020-10-28 07:00:00,13.1,13.31,12.7,12.79,25663180,HPG
2020-10-29 07:00:00,12.6,12.94,12.6,12.87,20778840,HPG
2020-10-30 07:00:00,12.96,13.0,12.58,12.85,19039190,HPG
2020-11-02 07:00:00,12.85,12.91,12.77,12.87,10385290,HPG
2020-11-03 07:00:00,13.04,13.17,12.85,12.91,17521020,HPG
2020-11-04 07:00:00,12.91,13.04,12.77,12.89,18293400,HPG
2020-11-05 07:00:00,12.89,12.94,12.73,12.73,11598310,HPG
2020-11-06 07:00:00,12.75,12.91,12.7,12.79,13410500,HPG
2020-11-09 07:00:00,12.96,13.25,12.91,13.25,18314360,HPG
2020-11-10 07:00:00,13.5,13.55,13.17,13.17,20645160,HPG
2020-11-11 07:00:00,13.17,13.29,13.1,13.17,14564290,HPG
2020-11-12 07:00:00,13.17,13.25,13.15,13.23,9803730,HPG
2020-11-13 07:00:00,13.25,13.44,13.23,13.44,12161630,HPG
2020-11-16 07:00:00,13.59,13.78,13.42,13.57,25538500,HPG
2020-11-17 07:00:00,13.67,14.03,13.63,14.03,16228900,HPG
2020-11-18 07:00:00,14.13,14.56,14.03,14.56,22115200,HPG
2020-11-19 07:00:00,14.6,14.93,14.49,14.81,26533130,HPG
2020-11-20 07:00:00,14.85,15.02,14.7,15.02,18141040,HPG
2020-11-23 07:00:00,15.02,15.92,14.93,15.78,23681540,HPG
2020-11-24 07:00:00,15.88,16.2,15.27,15.78,48936510,HPG
2020-11-25 07:00:00,15.48,15.52,14.81,14.98,55697460,HPG
2020-11-26 07:00:00,14.77,14.89,14.43,14.77,33163400,HPG
2020-11-27 07:00:00,14.72,15.31,14.72,15.25,16027210,HPG
2020-11-30 07:00:00,15.25,15.31,14.93,14.93,17459270,HPG
2020-12-01 07:00:00,14.68,14.98,14.53,14.98,21802760,HPG
2020-12-02 07:00:00,14.98,15.0,14.77,14.85,14643640,HPG
2020-12-03 07:00:00,14.95,15.5,14.85,15.5,22511210,HPG
2020-12-04 07:00:00,15.59,15.67,15.44,15.54,17767110,HPG
2020-12-07 07:00:00,15.59,16.15,15.5,16.07,24400300,HPG
2020-12-08 07:00:00,16.07,16.32,15.99,16.15,20333880,HPG
2020-12-09 07:00:00,16.2,16.24,16.03,16.2,15264400,HPG
2020-12-10 07:00:00,16.2,16.24,15.65,15.82,30402770,HPG
2020-12-11 07:00:00,15.99,16.32,15.86,16.32,16641080,HPG
2020-12-14 07:00:00,16.57,16.62,16.39,16.51,14483540,HPG
2020-12-15 07:00:00,16.43,16.47,16.2,16.24,19581910,HPG
2020-12-16 07:00:00,16.32,16.55,16.2,16.32,17322370,HPG
2020-12-17 07:00:00,16.15,16.26,15.84,15.84,30645570,HPG
2020-12-18 07:00:00,16.03,16.3,15.94,16.24,19956910,HPG
2020-12-21 07:00:00,16.41,16.43,16.13,16.22,15789770,HPG
2020-12-22 07:00:00,16.22,16.6,16.11,16.55,26050910,HPG
2020-12-23 07:00:00,16.6,17.33,16.57,16.83,28097610,HPG
2020-12-24 07:00:00,17.08,17.16,16.24,16.81,18507480,HPG
2020-12-25 07:00:00,16.83,17.18,16.62,17.14,22667520,HPG
2020-12-28 07:00:00,17.58,17.65,17.25,17.48,21024800,HPG
2020-12-29 07:00:00,17.35,17.61,17.27,17.5,13443950,HPG
2020-12-30 07:00:00,17.5,17.5,17.14,17.21,21907500,HPG
2020-12-31 07:00:00,17.21,17.56,17.12,17.44,11867640,HPG
2021-01-04 07:00:00,17.67,18.09,17.52,17.79,15832600,HPG
2021-01-05 07:00:00,17.58,18.0,17.54,17.82,18634100,HPG
2021-01-06 07:00:00,17.88,18.22,17.79,18.0,17948600,HPG
2021-01-07 07:00:00,18.15,18.17,17.77,18.0,21780700,HPG
2021-01-08 07:00:00,18.05,18.22,17.92,17.98,19978500,HPG
2021-01-11 07:00:00,18.13,18.22,17.92,18.11,16645100,HPG
2021-01-12 07:00:00,18.17,18.89,18.05,18.89,22738800,HPG
2021-01-13 07:00:00,19.01,19.12,18.68,18.8,16131800,HPG
2021-01-14 07:00:00,18.8,18.8,18.45,18.7,17527000,HPG
2021-01-15 07:00:00,18.64,18.95,18.64,18.72,14788300,HPG
2021-01-18 07:00:00,18.72,18.87,18.61,18.76,18112900,HPG
2021-01-19 07:00:00,18.76,18.76,17.46,17.5,25778200,HPG
2021-01-20 07:00:00,17.67,18.07,16.83,17.54,37915600,HPG
2021-01-21 07:00:00,18.03,18.59,17.58,18.59,20829700,HPG
2021-01-22 07:00:00,18.64,18.8,18.32,18.36,14798600,HPG
2021-01-25 07:00:00,18.19,19.12,18.13,18.38,33091200,HPG
2021-01-26 07:00:00,18.34,18.34,17.5,17.79,24099500,HPG
2021-01-27 07:00:00,17.42,17.84,16.62,16.95,28056100,HPG
2021-01-28 07:00:00,15.82,16.43,15.78,15.78,49934800,HPG
2021-01-29 07:00:00,15.56,16.81,15.56,16.47,40248000,HPG
2021-02-01 07:00:00,16.41,16.76,16.07,16.13,21323900,HPG
2021-02-02 07:00:00,16.2,17.04,16.09,17.04,28541100,HPG
2021-02-03 07:00:00,17.33,17.82,17.25,17.67,34839600,HPG
2021-02-04 07:00:00,17.67,17.75,17.48,17.58,22252900,HPG
2021-02-05 07:00:00,17.65,17.96,17.54,17.88,23371200,HPG
2021-02-08 07:00:00,17.88,17.92,16.83,17.21,32918400,HPG
2021-02-09 07:00:00,17.21,17.63,17.02,17.58,26164800,HPG
2021-02-17 07:00:00,17.86,18.28,17.79,18.28,24253200,HPG
2021-02-18 07:00:00,18.26,18.51,18.07,18.45,21343800,HPG
2021-02-19 07:00:00,18.22,18.47,18.13,18.28,17007500,HPG
2021-02-22 07:00:00,18.28,18.68,18.09,18.26,21362500,HPG
2021-02-23 07:00:00,18.17,18.4,18.07,18.22,17921700,HPG
2021-02-24 07:00:00,18.36,18.68,18.22,18.34,27282600,HPG
2021-02-25 07:00:00,18.51,18.68,18.36,18.57,21931700,HPG
2021-02-26 07:00:00,18.38,19.22,18.34,19.18,40928500,HPG
2021-03-01 07:00:00,19.46,19.48,19.27,19.44,21998200,HPG
2021-03-02 07:00:00,19.69,19.81,19.44,19.65,23670800,HPG
2021-03-03 07:00:00,19.58,19.79,19.56,19.69,22262900,HPG
2021-03-04 07:00:00,19.73,19.73,18.93,19.31,27962100,HPG
2021-03-05 07:00:00,19.2,19.39,18.97,19.35,21396800,HPG
2021-03-08 07:00:00,19.6,19.73,19.35,19.48,17777700,HPG
2021-03-09 07:00:00,19.35,19.44,18.95,19.29,16289800,HPG
2021-03-10 07:00:00,19.29,19.29,18.99,19.18,15772500,HPG
2021-03-11 07:00:00,19.31,19.62,19.27,19.52,15569400,HPG
2021-03-12 07:00:00,19.6,19.6,19.44,19.54,12153700,HPG
2021-03-15 07:00:00,19.6,19.73,19.52,19.56,11905100,HPG
2021-03-16 07:00:00,19.6,19.6,19.27,19.39,14097300,HPG
2021-03-17 07:00:00,19.41,19.54,19.37,19.48,12191800,HPG
2021-03-18 07:00:00,19.65,19.67,19.5,19.6,11166600,HPG
2021-03-19 07:00:00,19.6,19.96,19.6,19.83,18392100,HPG
2021-03-22 07:00:00,19.9,19.96,19.65,19.67,11047900,HPG
2021-03-23 07:00:00,19.62,19.81,19.52,19.6,12487200,HPG
2021-03-24 07:00:00,19.37,19.5,18.97,19.12,23653500,HPG
2021-03-25 07:00:00,19.22,19.25,18.85,18.93,19929000,HPG
2021-03-26 07:00:00,19.14,19.44,18.95,19.44,28109800,HPG
2021-03-29 07:00:00,19.56,19.6,19.41,19.48,13251900,HPG
2021-03-30 07:00:00,19.56,19.67,19.39,19.54,13333800,HPG
2021-03-31 07:00:00,19.54,19.92,19.5,19.69,16323700,HPG
2021-04-01 07:00:00,19.77,20.4,19.75,20.4,27681900,HPG
2021-04-02 07:00:00,20.53,20.74,20.44,20.63,16678500,HPG
2021-04-05 07:00:00,20.82,20.87,20.59,20.74,15377800,HPG
2021-04-06 07:00:00,20.74,20.84,20.65,20.78,14033300,HPG
2021-04-07 07:00:00,20.78,20.87,20.57,20.8,14407800,HPG
2021-04-08 07:00:00,20.82,20.87,20.61,20.76,11970000,HPG
2021-04-09 07:00:00,20.74,20.99,20.63,20.84,15623400,HPG
2021-04-12 07:00:00,20.99,21.66,20.93,21.54,27010400,HPG
2021-04-13 07:00:00,21.66,21.66,21.08,21.08,26956900,HPG
2021-04-14 07:00:00,21.08,22.42,20.99,22.3,28753300,HPG
2021-04-15 07:00:00,22.51,23.01,22.09,22.93,32078100,HPG
2021-04-16 07:00:00,22.76,23.43,22.51,22.97,28433700,HPG
2021-04-19 07:00:00,23.22,24.31,23.01,24.31,34808100,HPG
2021-04-20 07:00:00,24.4,24.65,23.56,24.06,37829300,HPG
2021-04-22 07:00:00,23.77,24.36,23.14,23.14,33049800,HPG
2021-04-23 07:00:00,23.35,23.73,23.05,23.73,28493500,HPG
2021-04-26 07:00:00,23.77,23.81,23.14,23.18,25156400,HPG
2021-04-27 07:00:00,23.18,23.73,22.88,23.68,21294400,HPG
2021-04-28 07:00:00,23.68,23.77,23.35,23.56,15619100,HPG
2021-04-29 07:00:00,23.77,24.69,23.73,24.44,27877700,HPG
2021-05-04 07:00:00,24.1,25.41,23.98,25.16,32996000,HPG
2021-05-05 07:00:00,25.24,25.37,24.95,24.95,24468200,HPG
2021-05-06 07:00:00,24.95,25.37,24.74,24.99,21609700,HPG
2021-05-07 07:00:00,24.9,25.87,24.86,25.58,29552700,HPG
2021-05-10 07:00:00,25.58,26.63,25.58,26.5,28160100,HPG
2021-05-11 07:00:00,26.63,26.63,26.08,26.08,29565200,HPG
2021-05-12 07:00:00,25.91,26.38,25.79,26.38,29316300,HPG
2021-05-13 07:00:00,26.25,26.5,25.87,25.87,24654400,HPG
2021-05-14 07:00:00,26.08,26.29,25.66,25.83,31815400,HPG
2021-05-17 07:00:00,25.83,26.25,25.49,26.04,34004200,HPG
2021-05-18 07:00:00,26.29,26.8,26.29,26.67,39146300,HPG
2021-05-19 07:00:00,26.92,28.06,26.71,27.81,28407500,HPG
2021-05-20 07:00:00,27.85,28.06,27.55,28.02,21552100,HPG
2021-05-21 07:00:00,27.81,27.93,27.51,27.6,22951900,HPG
2021-05-24 07:00:00,27.6,27.81,27.34,27.51,23592200,HPG
2021-05-25 07:00:00,27.47,28.52,27.43,28.35,22689000,HPG
2021-05-26 07:00:00,28.35,28.52,28.27,28.52,15485000,HPG
2021-05-27 07:00:00,28.48,28.52,27.85,28.1,19165200,HPG
2021-05-28 07:00:00,28.23,28.31,27.85,28.23,30138100,HPG
2021-05-31 07:00:00,30.17,30.17,29.66,30.17,60309100,HPG
2021-06-01 07:00:00,31.26,32.23,30.92,31.78,33413400,HPG
2021-06-02 07:00:00,31.49,31.78,30.35,30.92,40000100,HPG
2021-06-03 07:00:00,30.92,31.26,30.35,31.09,36969900,HPG
2021-06-04 07:00:00,31.2,31.66,31.09,31.2,31679400,HPG
2021-06-07 07:00:00,31.26,31.49,29.77,30.17,34653300,HPG
2021-06-08 07:00:00,29.94,30.29,28.63,28.63,38486300,HPG
2021-06-09 07:00:00,28.57,29.43,28.06,28.8,40956800,HPG
2021-06-10 07:00:00,28.74,30.12,28.63,29.54,29312900,HPG
2021-06-11 07:00:00,29.83,30.46,29.54,30.4,29030300,HPG
2021-06-14 07:00:00,30.63,31.09,30.23,30.69,28587500,HPG
2021-06-15 07:00:00,30.35,30.69,30.17,30.46,21707700,HPG
2021-06-16 07:00:00,30.23,30.35,29.49,29.66,28929200,HPG
2021-06-17 07:00:00,29.14,29.72,29.14,29.43,20215900,HPG
2021-06-18 07:00:00,29.72,30.52,29.43,29.83,28992700,HPG
2021-06-21 07:00:00,29.77,30.06,29.31,29.31,22610800,HPG
2021-06-22 07:00:00,29.49,30.0,29.31,29.6,18459100,HPG
2021-06-23 07:00:00,29.54,29.72,29.26,29.43,18559200,HPG
2021-06-24 07:00:00,29.43,29.6,28.91,28.97,19985600,HPG
2021-06-25 07:00:00,29.03,29.31,28.51,29.03,26191200,HPG
2021-06-28 07:00:00,29.37,30.06,29.09,30.0,39158500,HPG
2021-06-29 07:00:00,30.06,30.12,29.6,29.66,19830300,HPG
2021-06-30 07:00:00,29.72,29.89,29.43,29.49,18899100,HPG
2021-07-01 07:00:00,29.6,30.29,29.54,30.23,39670000,HPG
2021-07-02 07:00:00,30.35,30.57,29.89,29.94,30058700,HPG
2021-07-05 07:00:00,29.94,29.94,29.09,29.31,37065500,HPG
2021-07-06 07:00:00,29.26,29.89,27.48,27.48,39626500,HPG
2021-07-07 07:00:00,28.06,28.57,27.4,28.57,40552700,HPG
2021-07-08 07:00:00,28.57,28.69,27.83,28.06,30632700,HPG
2021-07-09 07:00:00,27.77,28.11,26.34,27.08,46892600,HPG
2021-07-12 07:00:00,26.74,26.85,25.19,25.74,75500300,HPG
2021-07-13 07:00:00,26.05,26.34,25.51,26.05,25498600,HPG
2021-07-14 07:00:00,26.28,26.34,25.39,25.77,27431000,HPG
2021-07-15 07:00:00,25.54,26.82,25.54,26.62,28546500,HPG
2021-07-16 07:00:00,26.74,27.17,26.62,26.77,22253900,HPG
2021-07-19 07:00:00,26.14,26.28,25.19,25.36,39426100,HPG
2021-07-20 07:00:00,25.77,27.08,25.45,27.08,40965600,HPG
2021-07-21 07:00:00,27.2,27.37,26.68,26.77,21335700,HPG
2021-07-22 07:00:00,26.74,27.31,26.51,27.02,21494600,HPG
2021-07-23 07:00:00,26.8,26.91,26.22,26.22,28904400,HPG
2021-07-26 07:00:00,26.05,26.39,25.56,26.11,23485200,HPG
2021-07-27 07:00:00,26.34,26.8,26.17,26.45,18206300,HPG
2021-07-28 07:00:00,26.51,26.97,26.45,26.74,21215200,HPG
2021-07-29 07:00:00,26.88,27.31,26.8,26.97,32783300,HPG
2021-07-30 07:00:00,26.97,27.25,26.97,27.08,23016300,HPG
2021-08-02 07:00:00,26.97,27.43,26.85,27.05,24207000,HPG
2021-08-03 07:00:00,27.08,27.28,26.77,27.05,28297300,HPG
2021-08-04 07:00:00,27.23,27.48,27.05,27.2,24329100,HPG
2021-08-05 07:00:00,27.17,28.06,27.11,27.94,29704100,HPG
2021-08-06 07:00:00,27.83,28.11,27.65,27.71,20101800,HPG
2021-08-09 07:00:00,27.54,28.46,27.45,28.46,30419600,HPG
2021-08-10 07:00:00,28.69,28.91,28.11,28.28,23318400,HPG
2021-08-11 07:00:00,28.51,28.51,28.03,28.03,21895900,HPG
2021-08-12 07:00:00,28.0,28.06,27.71,27.71,21547600,HPG
2021-08-13 07:00:00,27.71,27.88,27.31,27.85,25809500,HPG
2021-08-16 07:00:00,28.06,28.34,28.03,28.31,22222700,HPG
2021-08-17 07:00:00,28.43,29.14,28.4,28.86,45483400,HPG
2021-08-18 07:00:00,28.91,29.14,28.57,28.86,20163600,HPG
2021-08-19 07:00:00,28.97,29.37,28.86,29.14,27506300,HPG
2021-08-20 07:00:00,29.09,29.2,27.6,28.06,49333500,HPG
2021-08-23 07:00:00,28.06,28.06,27.2,27.2,32825800,HPG
2021-08-24 07:00:00,27.25,27.63,27.2,27.34,21929400,HPG
2021-08-25 07:00:00,27.45,27.77,27.14,27.71,16402800,HPG
2021-08-26 07:00:00,27.83,27.83,27.23,27.31,13857800,HPG
2021-08-27 07:00:00,27.2,27.4,26.77,27.25,24491000,HPG
2021-08-30 07:00:00,27.48,27.91,27.28,27.88,17004600,HPG
2021-08-31 07:00:00,28.06,28.46,27.94,28.23,25872600,HPG
2021-09-01 07:00:00,28.06,28.37,28.0,28.17,15066500,HPG
2021-09-06 07:00:00,28.34,29.43,28.28,29.31,48098900,HPG
2021-09-07 07:00:00,29.54,29.77,28.97,29.03,31246800,HPG
2021-09-08 07:00:00,29.03,29.72,28.86,29.37,33040000,HPG
2021-09-09 07:00:00,29.54,30.0,29.49,29.72,36718200,HPG
2021-09-10 07:00:00,29.77,29.89,29.43,29.49,17217900,HPG
2021-09-13 07:00:00,29.49,29.49,29.03,29.09,27227400,HPG
2021-09-14 07:00:00,29.09,29.2,28.74,28.8,22432900,HPG
2021-09-15 07:00:00,28.69,29.77,28.57,29.54,25908900,HPG
2021-09-16 07:00:00,29.77,29.94,29.37,29.37,17982000,HPG
2021-09-17 07:00:00,29.43,29.77,29.37,29.66,24548600,HPG
2021-09-20 07:00:00,30.0,30.0,29.14,29.37,32328300,HPG
2021-09-21 07:00:00,28.97,29.31,28.74,29.09,28847000,HPG
2021-09-22 07:00:00,29.09,29.26,28.97,29.14,13143800,HPG
2021-09-23 07:00:00,29.37,29.72,29.14,29.2,17773400,HPG
2021-09-24 07:00:00,29.2,29.6,29.03,29.09,15884400,HPG
2021-09-27 07:00:00,29.43,29.77,29.09,29.09,28469400,HPG
2021-09-28 07:00:00,28.97,30.17,28.97,30.12,35611100,HPG
2021-09-29 07:00:00,30.17,30.69,30.12,30.52,34898800,HPG
2021-09-30 07:00:00,30.75,30.75,30.23,30.29,23148500,HPG
2021-10-01 07:00:00,30.29,30.75,30.17,30.57,30478300,HPG
2021-10-04 07:00:00,30.86,32.01,30.86,31.78,45357500,HPG
2021-10-05 07:00:00,31.78,32.01,31.55,31.66,26571500,HPG
2021-10-06 07:00:00,31.95,32.23,31.72,32.12,26766100,HPG
2021-10-07 07:00:00,32.29,32.46,31.78,31.83,26772300,HPG
2021-10-08 07:00:00,31.95,32.18,31.61,31.89,21693600,HPG
2021-10-11 07:00:00,32.12,32.81,31.89,32.75,25548600,HPG
2021-10-12 07:00:00,32.81,32.98,32.52,32.64,18107600,HPG
2021-10-13 07:00:00,32.64,32.86,32.35,32.52,15582700,HPG
2021-10-14 07:00:00,32.52,32.86,32.46,32.52,19279700,HPG
2021-10-15 07:00:00,32.81,33.04,32.64,32.81,18520000,HPG
2021-10-18 07:00:00,32.98,33.44,32.92,33.15,20737100,HPG
2021-10-19 07:00:00,32.98,33.21,32.69,32.75,23720900,HPG
2021-10-20 07:00:00,32.86,32.92,31.95,32.58,34660900,HPG
2021-10-21 07:00:00,32.75,33.32,32.41,32.75,39192300,HPG
2021-10-22 07:00:00,32.86,33.09,32.46,32.46,19849100,HPG
2021-10-25 07:00:00,32.35,32.46,31.55,31.55,41605900,HPG
2021-10-26 07:00:00,31.38,32.23,31.03,32.23,27910500,HPG
2021-10-27 07:00:00,32.23,33.15,32.23,33.15,28938100,HPG
2021-10-28 07:00:00,33.15,33.32,32.81,33.21,21923800,HPG
2021-10-29 07:00:00,33.21,33.27,32.69,32.69,23878000,HPG
2021-11-01 07:00:00,32.69,32.69,31.89,31.89,45218500,HPG
2021-11-02 07:00:00,31.78,32.29,31.61,31.78,25669500,HPG
2021-11-03 07:00:00,32.18,32.23,31.66,31.83,29867100,HPG
2021-11-04 07:00:00,31.83,32.58,31.83,32.23,14849100,HPG
2021-11-05 07:00:00,32.23,32.64,31.89,32.41,19377600,HPG
2021-11-08 07:00:00,32.58,32.64,32.18,32.52,21255400,HPG
2021-11-09 07:00:00,32.52,32.98,32.29,32.35,24717300,HPG
2021-11-10 07:00:00,32.35,32.41,31.61,31.66,43376600,HPG
2021-11-11 07:00:00,31.49,31.66,30.69,30.92,54292800,HPG
2021-11-12 07:00:00,30.86,31.38,30.8,31.26,20846900,HPG
2021-11-15 07:00:00,31.2,31.26,30.52,30.69,30647000,HPG
2021-11-16 07:00:00,30.52,30.69,29.77,29.77,39777000,HPG
2021-11-17 07:00:00,29.77,30.12,29.43,29.43,30002700,HPG
2021-11-18 07:00:00,29.43,29.43,28.4,28.6,58606300,HPG
2021-11-19 07:00:00,28.4,28.46,27.43,27.48,48471400,HPG
2021-11-22 07:00:00,27.6,28.17,27.48,27.85,22630400,HPG
2021-11-23 07:00:00,28.0,28.51,27.83,28.37,15649600,HPG
2021-11-24 07:00:00,28.34,28.46,27.77,27.85,27126800,HPG
2021-11-25 07:00:00,27.88,28.26,27.88,28.2,21763400,HPG
2021-11-26 07:00:00,28.23,28.6,28.06,28.08,26729700,HPG
2021-11-29 07:00:00,27.6,28.0,27.6,27.71,21801500,HPG
2021-11-30 07:00:00,28.03,28.6,27.77,28.03,22176200,HPG
2021-12-01 07:00:00,28.34,28.34,28.0,28.06,13823900,HPG
2021-12-02 07:00:00,28.17,28.2,27.83,27.83,12832300,HPG
2021-12-03 07:00:00,27.94,28.14,27.31,27.31,21682500,HPG
2021-12-06 07:00:00,27.2,27.45,26.05,26.19,34633900,HPG
2021-12-07 07:00:00,26.6,27.25,26.34,27.25,21935200,HPG
2021-12-08 07:00:00,27.43,27.43,26.94,27.02,11108800,HPG
2021-12-09 07:00:00,26.85,27.08,26.8,26.97,10320400,HPG
2021-12-10 07:00:00,26.94,27.02,26.57,26.62,19427400,HPG
2021-12-13 07:00:00,26.65,27.0,26.51,26.65,14309600,HPG
2021-12-14 07:00:00,26.65,28.11,26.45,27.31,35676800,HPG
2021-12-15 07:00:00,27.48,27.83,27.31,27.37,9045500,HPG
2021-12-16 07:00:00,27.54,27.54,27.08,27.2,11030000,HPG
2021-12-17 07:00:00,27.11,27.23,26.68,26.74,22015600,HPG
2021-12-20 07:00:00,26.74,27.11,26.62,26.85,9986400,HPG
2021-12-21 07:00:00,26.85,26.88,26.39,26.39,17094400,HPG
2021-12-22 07:00:00,26.51,26.62,25.82,25.82,24665900,HPG
2021-12-23 07:00:00,25.82,25.82,25.25,25.74,26674000,HPG
2021-12-24 07:00:00,25.94,26.71,25.91,26.37,19168600,HPG
2021-12-27 07:00:00,26.65,26.68,26.08,26.28,10675000,HPG
2021-12-28 07:00:00,26.28,26.74,26.11,26.22,12356700,HPG
2021-12-29 07:00:00,26.22,26.51,26.05,26.22,15118200,HPG
2021-12-30 07:00:00,26.51,26.51,26.17,26.17,10285000,HPG
2021-12-31 07:00:00,26.34,26.71,26.25,26.57,13781200,HPG
2022-01-04 07:00:00,26.8,27.02,26.68,26.77,20100700,HPG
2022-01-05 07:00:00,26.85,27.11,26.8,26.8,18760700,HPG
2022-01-06 07:00:00,26.62,26.74,26.39,26.39,17172700,HPG
2022-01-07 07:00:00,26.39,26.45,26.14,26.22,16335300,HPG
2022-01-10 07:00:00,26.25,26.71,26.05,26.14,17477500,HPG
2022-01-11 07:00:00,26.37,26.37,25.82,25.82,12758500,HPG
2022-01-12 07:00:00,25.88,26.48,25.85,26.45,14686700,HPG
2022-01-13 07:00:00,26.51,27.08,26.45,26.74,24990100,HPG
2022-01-14 07:00:00,26.62,26.82,26.45,26.48,7902000,HPG
2022-01-17 07:00:00,26.48,26.62,25.59,25.59,21661200,HPG
2022-01-18 07:00:00,25.48,25.91,24.62,25.19,21441900,HPG
2022-01-19 07:00:00,25.42,25.51,24.88,24.91,17705400,HPG
2022-01-20 07:00:00,25.08,25.31,24.79,25.19,14665400,HPG
2022-01-21 07:00:00,25.19,25.45,24.68,24.79,16277300,HPG
2022-01-24 07:00:00,24.68,24.73,23.3,23.3,29425200,HPG
2022-01-25 07:00:00,23.19,24.79,23.02,24.76,17887600,HPG
2022-01-26 07:00:00,24.91,25.45,24.88,24.88,15205400,HPG
2022-01-27 07:00:00,24.73,24.91,24.05,24.13,14700800,HPG
2022-01-28 07:00:00,24.19,24.51,23.88,24.16,14941600,HPG
2022-02-07 07:00:00,24.51,25.02,23.93,24.65,16609600,HPG
2022-02-08 07:00:00,24.62,26.08,24.62,26.08,26528800,HPG
2022-02-09 07:00:00,26.22,27.65,26.17,27.08,40297200,HPG
2022-02-10 07:00:00,27.14,27.43,26.74,26.91,23598200,HPG
2022-02-11 07:00:00,26.68,27.2,26.51,27.0,17343300,HPG
2022-02-14 07:00:00,26.62,27.2,26.42,26.45,18246700,HPG
2022-02-15 07:00:00,26.45,26.65,25.99,26.34,15564400,HPG
2022-02-16 07:00:00,26.39,26.62,26.11,26.34,9350300,HPG
2022-02-17 07:00:00,26.34,26.77,26.34,26.62,11353300,HPG
2022-02-18 07:00:00,26.45,27.28,26.37,26.94,21375700,HPG
2022-02-21 07:00:00,26.97,27.2,26.65,26.71,12177300,HPG
2022-02-22 07:00:00,26.51,26.68,26.17,26.57,17669600,HPG
2022-02-23 07:00:00,26.71,27.02,26.48,26.74,12981100,HPG
2022-02-24 07:00:00,26.77,26.82,25.82,26.34,22445800,HPG
2022-02-25 07:00:00,26.39,26.54,26.28,26.28,12775700,HPG
2022-02-28 07:00:00,26.37,27.37,26.37,27.02,35200100,HPG
2022-03-01 07:00:00,27.31,27.54,26.82,26.85,23374000,HPG
2022-03-02 07:00:00,26.91,27.11,26.68,26.85,19896100,HPG
2022-03-03 07:00:00,27.25,28.69,27.08,28.69,76236800,HPG
2022-03-04 07:00:00,29.2,29.37,28.51,28.51,33378900,HPG
2022-03-07 07:00:00,28.74,30.06,28.63,29.26,38456100,HPG
2022-03-08 07:00:00,28.97,29.31,28.31,28.31,40509400,HPG
2022-03-09 07:00:00,28.63,28.8,27.97,28.54,34775200,HPG
2022-03-10 07:00:00,28.63,28.69,28.11,28.14,26828300,HPG
2022-03-11 07:00:00,28.17,28.23,26.82,27.25,44340200,HPG
2022-03-14 07:00:00,27.08,27.6,26.22,26.22,33845300,HPG
2022-03-15 07:00:00,26.31,26.74,26.02,26.42,20864200,HPG
2022-03-16 07:00:00,26.85,27.0,26.45,26.45,11418800,HPG
2022-03-17 07:00:00,26.68,26.74,26.28,26.31,14957700,HPG
2022-03-18 07:00:00,26.45,26.82,26.37,26.62,17727600,HPG
2022-03-21 07:00:00,26.74,27.02,26.57,26.82,19313200,HPG
2022-03-22 07:00:00,26.85,26.88,26.51,26.85,22965400,HPG
2022-03-23 07:00:00,27.02,27.17,26.8,26.8,17291200,HPG
2022-03-24 07:00:00,26.91,26.91,26.54,26.57,14927500,HPG
2022-03-25 07:00:00,26.65,26.88,26.45,26.57,13444600,HPG
2022-03-28 07:00:00,26.39,26.82,26.22,26.28,19505200,HPG
2022-03-29 07:00:00,26.45,26.48,26.22,26.25,12986000,HPG
2022-03-30 07:00:00,26.22,26.57,25.99,26.05,15726700,HPG
2022-03-31 07:00:00,26.14,26.31,25.65,25.82,18892300,HPG
2022-04-01 07:00:00,25.77,26.34,25.48,26.17,19701900,HPG
2022-04-04 07:00:00,26.34,26.51,26.19,26.25,12156300,HPG
2022-04-05 07:00:00,26.34,26.57,26.31,26.39,12124200,HPG
2022-04-06 07:00:00,26.34,27.45,26.34,27.05,29707400,HPG
2022-04-07 07:00:00,27.2,27.25,26.65,26.65,14512900,HPG
2022-04-08 07:00:00,26.77,26.94,26.54,26.57,13738800,HPG
2022-04-12 07:00:00,26.62,26.62,25.79,25.82,18233500,HPG
2022-04-13 07:00:00,25.94,26.02,25.59,25.88,12712600,HPG
2022-04-14 07:00:00,25.94,26.08,25.71,25.71,12038800,HPG
2022-04-15 07:00:00,25.77,25.77,25.28,25.31,18378500,HPG
2022-04-18 07:00:00,25.22,25.51,24.42,24.42,23186000,HPG
2022-04-19 07:00:00,24.62,25.14,24.56,24.79,19054800,HPG
2022-04-20 07:00:00,24.91,25.19,24.68,24.73,13236800,HPG
2022-04-21 07:00:00,24.62,25.25,24.1,24.82,17812100,HPG
2022-04-22 07:00:00,25.19,25.22,24.25,25.08,12698000,HPG
2022-04-25 07:00:00,25.08,25.08,23.33,23.33,29055100,HPG
2022-04-26 07:00:00,22.99,23.7,22.67,23.59,23280100,HPG
2022-04-27 07:00:00,23.59,24.56,23.53,24.33,18780400,HPG
2022-04-28 07:00:00,24.33,24.88,24.33,24.68,13611800,HPG
2022-04-29 07:00:00,24.56,24.85,24.53,24.79,12347800,HPG
2022-05-04 07:00:00,24.79,24.79,24.05,24.05,14901300,HPG
2022-05-05 07:00:00,24.39,24.39,23.76,24.08,13817300,HPG
2022-05-06 07:00:00,23.7,24.62,23.7,23.93,15010600,HPG
2022-05-09 07:00:00,23.76,23.99,22.87,22.87,26283600,HPG
2022-05-10 07:00:00,22.62,23.53,22.16,23.53,19440000,HPG
2022-05-11 07:00:00,23.47,23.65,23.22,23.27,9559800,HPG
2022-05-12 07:00:00,23.25,23.27,21.9,21.9,25252600,HPG
2022-05-13 07:00:00,21.84,22.07,20.47,20.55,42997700,HPG
2022-05-16 07:00:00,21.21,21.47,20.78,20.78,29389700,HPG
2022-05-17 07:00:00,20.73,21.87,20.61,21.87,23415100,HPG
2022-05-18 07:00:00,21.99,22.16,21.67,21.87,16073200,HPG
2022-05-19 07:00:00,21.36,21.81,21.1,21.7,16040000,HPG
2022-05-20 07:00:00,21.59,21.64,21.33,21.56,13929400,HPG
2022-05-23 07:00:00,21.73,21.87,20.78,21.04,10178900,HPG
2022-05-24 07:00:00,21.04,21.18,19.58,19.98,42201300,HPG
2022-05-25 07:00:00,19.75,20.01,18.92,19.72,39418000,HPG
2022-05-26 07:00:00,20.04,20.38,19.78,20.04,16225800,HPG
2022-05-27 07:00:00,20.04,20.55,19.92,20.3,17591900,HPG
2022-05-30 07:00:00,20.33,20.53,20.21,20.3,15054500,HPG
2022-05-31 07:00:00,20.24,20.24,19.75,19.87,18840200,HPG
2022-06-01 07:00:00,19.75,19.92,19.35,19.67,21644600,HPG
2022-06-02 07:00:00,19.47,19.64,18.92,18.98,25380600,HPG
2022-06-03 07:00:00,19.07,19.47,19.04,19.12,14709900,HPG
2022-06-06 07:00:00,19.55,19.61,18.95,19.07,17769400,HPG
2022-06-07 07:00:00,19.07,19.21,18.69,19.01,19376400,HPG
2022-06-08 07:00:00,19.07,19.15,18.75,18.84,24841800,HPG
2022-06-09 07:00:00,18.84,19.78,18.75,19.35,26979900,HPG
2022-06-10 07:00:00,19.35,19.61,19.24,19.24,15182300,HPG
2022-06-13 07:00:00,18.89,19.18,18.15,18.21,21236000,HPG
2022-06-14 07:00:00,18.04,18.06,17.29,17.35,28438400,HPG
2022-06-15 07:00:00,17.23,17.69,16.52,16.83,28702400,HPG
2022-06-16 07:00:00,17.26,17.95,17.12,17.75,33385900,HPG
2022-06-17 07:00:00,17.75,17.79,16.61,17.56,30237200,HPG
2022-06-20 07:00:00,17.22,17.41,16.35,16.35,37272900,HPG
2022-06-21 07:00:00,16.16,16.27,15.52,15.74,39935100,HPG
2022-06-22 07:00:00,15.78,16.65,15.78,16.27,21442500,HPG
2022-06-23 07:00:00,16.27,16.54,16.27,16.5,6926200,HPG
2022-06-24 07:00:00,16.54,17.03,16.42,16.5,12828800,HPG
2022-06-27 07:00:00,16.65,17.33,16.16,17.33,20739600,HPG
2022-06-28 07:00:00,17.3,17.3,16.84,17.03,17838300,HPG
2022-06-29 07:00:00,16.88,17.52,16.73,17.22,20190300,HPG
2022-06-30 07:00:00,17.33,17.71,16.88,16.88,19950600,HPG
2022-07-01 07:00:00,16.88,17.11,16.31,16.95,15200000,HPG
2022-07-04 07:00:00,17.14,17.14,16.65,16.65,12443200,HPG
2022-07-05 07:00:00,16.73,16.92,16.46,16.58,15093400,HPG
2022-07-06 07:00:00,16.42,16.84,16.12,16.24,18233600,HPG
2022-07-07 07:00:00,16.24,16.46,16.2,16.46,10828000,HPG
2022-07-08 07:00:00,16.65,17.07,16.65,16.99,19504900,HPG
2022-07-11 07:00:00,16.95,17.14,16.61,16.69,12476400,HPG
2022-07-12 07:00:00,16.69,17.03,16.61,16.88,12146500,HPG
2022-07-13 07:00:00,16.8,17.26,16.77,16.88,17855700,HPG
2022-07-14 07:00:00,16.8,16.95,16.73,16.8,12520300,HPG
2022-07-15 07:00:00,16.92,17.79,16.92,17.56,47697200,HPG
2022-07-18 07:00:00,17.56,17.64,17.03,17.11,19929000,HPG
2022-07-19 07:00:00,17.03,17.11,16.73,16.77,16276900,HPG
2022-07-20 07:00:00,16.92,17.22,16.88,16.92,16893100,HPG
2022-07-21 07:00:00,16.92,17.41,16.88,17.18,23043400,HPG
2022-07-22 07:00:00,17.18,17.26,16.8,16.8,16642200,HPG
2022-07-25 07:00:00,16.8,16.88,16.5,16.58,20722100,HPG
2022-07-26 07:00:00,16.5,16.65,16.35,16.39,26378200,HPG
2022-07-27 07:00:00,16.24,16.27,15.93,16.08,28601000,HPG
2022-07-28 07:00:00,16.27,16.42,16.08,16.2,23510500,HPG
2022-07-29 07:00:00,16.35,16.61,16.27,16.27,20587600,HPG
2022-08-01 07:00:00,16.42,17.3,16.35,17.26,38143900,HPG
2022-08-02 07:00:00,17.33,17.52,17.18,17.33,27729900,HPG
2022-08-03 07:00:00,17.18,18.05,17.11,17.98,58846000,HPG
2022-08-04 07:00:00,18.09,18.13,17.79,17.9,30031900,HPG
2022-08-05 07:00:00,17.71,17.9,17.52,17.64,42516600,HPG
2022-08-08 07:00:00,17.71,18.09,17.64,17.86,30365700,HPG
2022-08-09 07:00:00,18.09,18.39,17.9,18.24,48222600,HPG
2022-08-10 07:00:00,18.17,18.47,18.01,18.01,30124400,HPG
2022-08-11 07:00:00,18.2,18.28,17.64,17.71,34352700,HPG
2022-08-12 07:00:00,17.64,18.2,17.6,18.13,33797300,HPG
2022-08-15 07:00:00,18.24,18.32,18.01,18.17,31513400,HPG
2022-08-16 07:00:00,18.17,18.7,18.17,18.58,65490300,HPG
2022-08-17 07:00:00,18.62,18.66,18.28,18.39,27443900,HPG
2022-08-18 07:00:00,18.24,18.43,18.2,18.28,23215100,HPG
2022-08-19 07:00:00,18.24,18.35,17.9,17.98,31457200,HPG
2022-08-22 07:00:00,17.9,17.98,17.52,17.67,23798700,HPG
2022-08-23 07:00:00,17.48,17.9,17.48,17.9,16687400,HPG
2022-08-24 07:00:00,17.9,17.98,17.79,17.79,12125400,HPG
2022-08-25 07:00:00,17.98,18.2,17.86,18.05,18259100,HPG
2022-08-26 07:00:00,18.17,18.17,17.79,17.79,16469800,HPG
2022-08-29 07:00:00,17.45,17.6,17.14,17.41,32468000,HPG
2022-08-30 07:00:00,17.48,17.64,17.37,17.45,15309700,HPG
2022-08-31 07:00:00,17.41,17.52,17.22,17.41,14977400,HPG
2022-09-05 07:00:00,17.45,18.24,17.45,18.09,26282100,HPG
2022-09-06 07:00:00,18.17,18.32,17.82,17.82,15332900,HPG
2022-09-07 07:00:00,17.82,18.01,17.41,17.41,25025500,HPG
2022-09-08 07:00:00,17.56,17.75,17.33,17.48,20365500,HPG
2022-09-09 07:00:00,17.67,18.01,17.48,18.01,26048100,HPG
2022-09-12 07:00:00,18.09,18.39,18.01,18.01,26170900,HPG
2022-09-13 07:00:00,17.98,18.17,17.79,17.94,14681300,HPG
2022-09-14 07:00:00,17.6,18.01,17.6,17.94,27029100,HPG
2022-09-15 07:00:00,18.09,18.09,17.75,17.86,13730400,HPG
2022-09-16 07:00:00,17.71,17.86,17.41,17.41,27510700,HPG
2022-09-19 07:00:00,17.48,17.6,16.99,17.14,27479100,HPG
2022-09-20 07:00:00,17.26,17.41,17.11,17.41,11511000,HPG
2022-09-21 07:00:00,17.33,17.37,17.18,17.33,9916300,HPG
2022-09-22 07:00:00,17.18,17.48,17.14,17.41,11594200,HPG
2022-09-23 07:00:00,17.45,17.56,17.18,17.18,14593100,HPG
2022-09-26 07:00:00,16.99,17.11,16.54,16.95,25875600,HPG
2022-09-27 07:00:00,16.99,17.03,16.73,16.95,9010600,HPG
2022-09-28 07:00:00,16.8,16.99,16.35,16.5,14067800,HPG
2022-09-29 07:00:00,16.77,16.88,16.39,16.39,10331300,HPG
2022-09-30 07:00:00,16.27,16.39,15.67,16.05,23369500,HPG
2022-10-03 07:00:00,16.05,16.05,14.95,14.95,33572400,HPG
2022-10-04 07:00:00,15.21,15.33,14.12,14.27,30510400,HPG
2022-10-05 07:00:00,14.53,14.65,14.27,14.53,25316500,HPG
2022-10-06 07:00:00,14.61,14.61,13.62,13.62,37464800,HPG
2022-10-07 07:00:00,13.36,13.47,12.91,13.32,36474800,HPG
2022-10-10 07:00:00,13.09,14.08,13.02,13.89,25059200,HPG
2022-10-11 07:00:00,13.93,13.93,13.13,13.25,26448700,HPG
2022-10-12 07:00:00,13.47,14.15,13.25,14.15,28996700,HPG
2022-10-13 07:00:00,14.23,14.84,14.04,14.76,24198100,HPG
2022-10-14 07:00:00,14.95,15.06,14.61,14.72,22588600,HPG
2022-10-17 07:00:00,14.57,14.65,14.31,14.57,17061300,HPG
2022-10-18 07:00:00,14.76,14.91,14.15,14.27,24387600,HPG
2022-10-19 07:00:00,14.27,14.27,13.89,13.93,20235600,HPG
2022-10-20 07:00:00,13.89,14.08,13.66,13.7,26033000,HPG
2022-10-21 07:00:00,13.85,13.85,12.79,12.79,45155900,HPG
2022-10-24 07:00:00,12.87,12.91,12.26,12.41,27973100,HPG
2022-10-25 07:00:00,12.41,13.25,12.15,12.94,31109500,HPG
2022-10-26 07:00:00,12.87,13.17,12.75,12.79,11243700,HPG
2022-10-27 07:00:00,12.83,13.32,12.79,13.17,21366800,HPG
2022-10-28 07:00:00,13.17,13.36,12.72,12.72,31204100,HPG
2022-10-31 07:00:00,11.85,12.11,11.85,11.85,66298200,HPG
2022-11-01 07:00:00,11.92,12.11,11.2,11.35,81552300,HPG
2022-11-02 07:00:00,11.35,11.88,11.35,11.62,40121700,HPG
2022-11-03 07:00:00,11.54,11.69,11.43,11.5,20629700,HPG
2022-11-04 07:00:00,11.35,11.47,10.98,11.09,43889600,HPG
2022-11-07 07:00:00,11.01,11.2,10.37,10.37,38263100,HPG
2022-11-08 07:00:00,9.92,10.37,9.84,9.95,46273800,HPG
2022-11-09 07:00:00,9.99,10.29,9.8,9.84,32786100,HPG
2022-11-10 07:00:00,9.61,9.69,9.16,9.16,79749500,HPG
2022-11-11 07:00:00,9.31,9.57,9.08,9.31,60716100,HPG
2022-11-14 07:00:00,9.2,9.42,8.97,9.23,60270100,HPG
2022-11-15 07:00:00,9.08,9.5,9.08,9.46,40416800,HPG
2022-11-16 07:00:00,9.31,10.1,8.93,10.1,34902600,HPG
2022-11-17 07:00:00,10.52,10.79,10.45,10.79,21514200,HPG
2022-11-18 07:00:00,11.05,11.5,10.79,11.43,99658800,HPG
2022-11-21 07:00:00,11.5,11.54,11.16,11.32,31604900,HPG
2022-11-22 07:00:00,11.09,11.69,10.94,11.2,43246700,HPG
2022-11-23 07:00:00,11.13,11.24,10.45,10.45,30303500,HPG
2022-11-24 07:00:00,10.37,10.9,10.29,10.86,31115600,HPG
2022-11-25 07:00:00,11.05,11.58,10.86,11.58,26533900,HPG
2022-11-28 07:00:00,11.81,12.38,11.81,12.38,58844900,HPG
2022-11-29 07:00:00,12.56,13.21,12.38,13.17,64305500,HPG
2022-11-30 07:00:00,13.28,13.93,13.02,13.93,57721500,HPG
2022-12-01 07:00:00,14.19,14.87,13.62,13.78,66587500,HPG
2022-12-02 07:00:00,13.62,14.72,13.47,14.72,45683100,HPG
2022-12-05 07:00:00,14.99,15.44,14.76,15.14,46513800,HPG
2022-12-06 07:00:00,15.06,15.1,14.08,14.08,62775400,HPG
2022-12-07 07:00:00,13.62,14.49,13.4,13.81,34619700,HPG
2022-12-08 07:00:00,14.31,14.65,14.0,14.31,29943600,HPG
2022-12-09 07:00:00,14.31,14.72,14.0,14.53,34549800,HPG
2022-12-12 07:00:00,14.53,14.8,14.08,14.08,35832500,HPG
2022-12-13 07:00:00,14.08,14.38,13.81,14.38,24343000,HPG
2022-12-14 07:00:00,14.65,14.84,14.38,14.53,34285300,HPG
2022-12-15 07:00:00,14.46,14.87,14.46,14.65,20983100,HPG
2022-12-16 07:00:00,14.53,15.48,14.34,15.44,55383800,HPG
2022-12-19 07:00:00,15.59,16.08,15.14,15.14,48039600,HPG
2022-12-20 07:00:00,14.99,15.21,14.19,14.38,45551800,HPG
2022-12-21 07:00:00,14.68,14.72,13.7,14.31,27702200,HPG
2022-12-22 07:00:00,14.46,14.84,14.15,14.31,18965200,HPG
2022-12-23 07:00:00,14.27,14.31,13.7,13.89,24810700,HPG
2022-12-26 07:00:00,13.85,13.85,12.94,12.94,31370000,HPG
2022-12-27 07:00:00,12.94,13.81,12.94,13.81,23655000,HPG
2022-12-28 07:00:00,13.93,14.0,13.59,13.78,14311200,HPG
2022-12-29 07:00:00,13.85,14.0,13.51,13.62,17422800,HPG
2022-12-30 07:00:00,13.7,13.96,13.55,13.62,14452800,HPG
2023-01-03 07:00:00,13.85,14.57,13.78,14.57,27990600,HPG
2023-01-04 07:00:00,14.72,14.99,14.61,14.68,20230000,HPG
2023-01-05 07:00:00,14.68,15.14,14.49,14.99,21502200,HPG
2023-01-06 07:00:00,14.91,15.21,14.53,14.68,19630100,HPG
2023-01-09 07:00:00,14.99,15.21,14.76,14.84,16185000,HPG
2023-01-10 07:00:00,14.84,15.21,14.53,14.99,26852100,HPG
2023-01-11 07:00:00,15.14,15.55,15.06,15.29,25709300,HPG
2023-01-12 07:00:00,15.21,15.33,15.06,15.18,20172900,HPG
2023-01-13 07:00:00,15.33,15.4,15.06,15.1,19174700,HPG
2023-01-16 07:00:00,15.14,15.63,15.1,15.33,22319700,HPG
2023-01-17 07:00:00,15.48,16.39,15.48,16.39,41584700,HPG
2023-01-18 07:00:00,16.65,16.69,16.31,16.42,25850200,HPG
2023-01-19 07:00:00,16.35,16.54,15.78,16.01,43940400,HPG
2023-01-27 07:00:00,15.89,16.31,15.78,16.27,26524400,HPG
2023-01-30 07:00:00,16.42,16.8,16.16,16.46,42341300,HPG
2023-01-31 07:00:00,16.58,16.73,16.42,16.73,28105900,HPG
2023-02-01 07:00:00,16.8,17.14,15.89,15.97,51905400,HPG
2023-02-02 07:00:00,16.05,16.42,15.97,16.12,25388600,HPG
2023-02-03 07:00:00,16.24,16.31,15.89,15.97,20956300,HPG
2023-02-06 07:00:00,15.97,16.01,15.55,16.01,22282300,HPG
2023-02-07 07:00:00,16.01,16.05,14.91,14.95,43379400,HPG
2023-02-08 07:00:00,14.95,15.97,14.95,15.78,33812500,HPG
2023-02-09 07:00:00,15.89,16.08,15.59,15.59,16343900,HPG
2023-02-10 07:00:00,15.67,15.74,15.25,15.52,15828700,HPG
2023-02-13 07:00:00,15.44,15.44,14.95,15.29,18741800,HPG
2023-02-14 07:00:00,15.37,15.82,15.33,15.59,17294600,HPG
2023-02-15 07:00:00,15.59,15.93,15.33,15.74,20076200,HPG
2023-02-16 07:00:00,15.86,16.2,15.59,16.12,23914900,HPG
2023-02-17 07:00:00,16.12,16.16,15.89,15.89,12287900,HPG
2023-02-20 07:00:00,15.89,16.58,15.89,16.58,24741700,HPG
2023-02-21 07:00:00,16.69,16.88,16.35,16.35,20643100,HPG
2023-02-22 07:00:00,16.2,16.73,16.05,16.05,32634400,HPG
2023-02-23 07:00:00,16.01,16.27,15.44,16.27,33590000,HPG
2023-02-24 07:00:00,16.27,16.27,15.63,15.74,14597600,HPG
2023-02-27 07:00:00,15.44,15.55,15.1,15.21,31316100,HPG
2023-02-28 07:00:00,15.48,15.52,15.06,15.14,15217600,HPG
2023-03-01 07:00:00,15.14,15.82,14.99,15.82,18619900,HPG
2023-03-02 07:00:00,15.89,15.97,15.59,15.59,8867400,HPG
2023-03-03 07:00:00,15.74,15.97,15.4,15.4,13608400,HPG
2023-03-06 07:00:00,15.63,15.78,15.44,15.44,11366800,HPG
2023-03-07 07:00:00,15.59,16.16,15.55,15.97,29323900,HPG
2023-03-08 07:00:00,15.82,16.05,15.74,16.05,16159600,HPG
2023-03-09 07:00:00,16.05,16.31,16.05,16.05,23274800,HPG
2023-03-10 07:00:00,16.01,16.24,15.89,16.12,22458300,HPG
2023-03-13 07:00:00,15.93,16.2,15.82,15.97,20930300,HPG
2023-03-14 07:00:00,15.93,15.97,15.29,15.37,30865700,HPG
2023-03-15 07:00:00,15.74,16.12,15.59,16.12,26779400,HPG
2023-03-16 07:00:00,15.89,15.97,15.52,15.78,30247400,HPG
2023-03-17 07:00:00,15.93,15.93,15.44,15.44,33958600,HPG
2023-03-20 07:00:00,15.44,15.59,15.14,15.14,22988900,HPG
2023-03-21 07:00:00,15.29,15.55,15.02,15.48,19060600,HPG
2023-03-22 07:00:00,15.55,15.59,15.25,15.37,12857700,HPG
2023-03-23 07:00:00,15.29,15.44,15.18,15.44,10743900,HPG
2023-03-24 07:00:00,15.48,15.52,15.37,15.44,13689600,HPG
2023-03-27 07:00:00,15.44,15.82,15.4,15.74,20268000,HPG
2023-03-28 07:00:00,15.82,15.89,15.67,15.67,12329100,HPG
2023-03-29 07:00:00,15.67,15.97,15.67,15.74,17942900,HPG
2023-03-30 07:00:00,15.89,16.01,15.71,15.74,20958100,HPG
2023-03-31 07:00:00,15.74,15.82,15.4,15.74,23770300,HPG
2023-04-03 07:00:00,15.93,15.97,15.78,15.89,21370500,HPG
2023-04-04 07:00:00,16.01,16.05,15.86,15.97,19864400,HPG
2023-04-05 07:00:00,15.97,16.27,15.86,16.27,25522700,HPG
2023-04-06 07:00:00,16.31,16.58,16.2,16.27,27838900,HPG
2023-04-07 07:00:00,16.27,16.35,15.97,16.05,18563000,HPG
2023-04-10 07:00:00,16.08,16.16,15.59,15.67,26545700,HPG
2023-04-11 07:00:00,15.67,15.78,15.59,15.74,14416200,HPG
2023-04-12 07:00:00,15.82,15.82,15.63,15.71,10638200,HPG
2023-04-13 07:00:00,15.74,15.74,15.4,15.48,14712400,HPG
2023-04-14 07:00:00,15.55,15.78,15.52,15.63,13607900,HPG
2023-04-17 07:00:00,15.59,15.82,15.59,15.78,9275500,HPG
2023-04-18 07:00:00,15.82,15.89,15.74,15.86,11571700,HPG
2023-04-19 07:00:00,15.93,15.93,15.74,15.74,10479100,HPG
2023-04-20 07:00:00,15.74,15.82,15.71,15.74,6549700,HPG
2023-04-21 07:00:00,15.74,15.78,15.67,15.67,11143900,HPG
2023-04-24 07:00:00,15.67,15.74,15.55,15.63,10575100,HPG
2023-04-25 07:00:00,15.74,16.08,15.67,15.93,18462200,HPG
2023-04-26 07:00:00,15.93,16.65,15.82,16.65,26818700,HPG
2023-04-27 07:00:00,16.65,16.65,16.35,16.42,17137300,HPG
2023-04-28 07:00:00,16.42,16.5,16.2,16.39,15751900,HPG
2023-05-04 07:00:00,16.24,16.35,16.05,16.12,16542400,HPG
2023-05-05 07:00:00,16.12,16.42,16.05,16.24,10786600,HPG
2023-05-08 07:00:00,16.31,16.46,16.24,16.35,10451200,HPG
2023-05-09 07:00:00,16.35,16.77,16.35,16.5,22413800,HPG
2023-05-10 07:00:00,16.5,16.58,16.39,16.42,8739000,HPG
2023-05-11 07:00:00,16.5,16.61,16.35,16.46,13640100,HPG
2023-05-12 07:00:00,16.46,17.03,16.35,16.92,45105300,HPG
2023-05-15 07:00:00,16.99,17.11,16.73,16.73,17693100,HPG
2023-05-16 07:00:00,16.73,16.88,16.58,16.65,17805000,HPG
2023-05-17 07:00:00,16.65,16.73,16.46,16.5,25998700,HPG
2023-05-18 07:00:00,16.58,16.8,16.5,16.61,18610700,HPG
2023-05-19 07:00:00,16.65,16.73,16.39,16.5,11513300,HPG
2023-05-22 07:00:00,16.5,16.73,16.46,16.58,14869400,HPG
2023-05-23 07:00:00,16.61,16.69,16.35,16.42,13620100,HPG
2023-05-24 07:00:00,16.58,16.58,16.12,16.12,20272100,HPG
2023-05-25 07:00:00,16.12,16.24,16.05,16.05,13258500,HPG
2023-05-26 07:00:00,16.12,16.2,15.78,15.97,16088200,HPG
2023-05-29 07:00:00,16.12,16.24,16.05,16.24,11091800,HPG
2023-05-30 07:00:00,16.27,16.35,16.08,16.16,13457900,HPG
2023-05-31 07:00:00,16.2,16.24,16.01,16.05,13085700,HPG
2023-06-01 07:00:00,16.01,16.2,15.93,16.2,10836200,HPG
2023-06-02 07:00:00,16.27,16.5,16.24,16.35,18866500,HPG
2023-06-05 07:00:00,16.5,16.69,16.35,16.39,20044300,HPG
2023-06-06 07:00:00,16.42,16.54,16.31,16.46,11799900,HPG
2023-06-07 07:00:00,16.65,17.26,16.65,17.11,55514600,HPG
2023-06-08 07:00:00,17.18,17.52,17.18,17.26,42521400,HPG
2023-06-09 07:00:00,17.26,17.33,17.03,17.33,23873600,HPG
2023-06-12 07:00:00,17.48,17.52,17.03,17.37,22219200,HPG
2023-06-13 07:00:00,17.41,17.75,17.33,17.71,36944400,HPG
2023-06-14 07:00:00,17.75,17.75,17.48,17.48,23475800,HPG
2023-06-15 07:00:00,17.41,17.6,17.41,17.52,17473300,HPG
2023-06-16 07:00:00,17.6,18.01,17.52,17.75,33010000,HPG
2023-06-19 07:00:00,17.75,17.79,17.64,17.67,13180900,HPG
2023-06-20 07:00:00,17.67,17.9,17.64,17.9,14608300,HPG
2023-06-21 07:00:00,17.94,18.66,17.79,18.62,35605900,HPG
2023-06-22 07:00:00,18.7,18.88,18.43,18.81,23036300,HPG
2023-06-23 07:00:00,18.81,19.34,18.73,19.23,29157300,HPG
2023-06-26 07:00:00,19.23,19.3,18.7,19.07,20399200,HPG
2023-06-27 07:00:00,19.19,19.53,19.0,19.53,19943100,HPG
2023-06-28 07:00:00,19.68,20.21,19.6,20.13,30313300,HPG
2023-06-29 07:00:00,20.17,20.21,19.53,19.53,36803700,HPG
2023-06-30 07:00:00,19.45,19.83,19.41,19.79,23068600,HPG
2023-07-03 07:00:00,19.83,20.02,19.6,19.83,17057100,HPG
2023-07-04 07:00:00,19.79,19.87,19.6,19.87,19728200,HPG
2023-07-05 07:00:00,19.98,20.59,19.87,20.4,31804000,HPG
2023-07-06 07:00:00,20.36,20.55,20.06,20.44,27611200,HPG
2023-07-07 07:00:00,20.36,20.78,20.06,20.78,22614600,HPG
2023-07-10 07:00:00,20.78,21.16,20.7,20.97,24267700,HPG
2023-07-11 07:00:00,21.04,21.23,20.63,20.66,24014300,HPG
2023-07-12 07:00:00,20.66,20.78,20.17,20.44,27758200,HPG
2023-07-13 07:00:00,20.81,20.81,20.36,20.47,14006900,HPG
2023-07-14 07:00:00,20.55,20.81,20.47,20.81,17078400,HPG
2023-07-17 07:00:00,20.97,21.0,20.59,20.66,12534900,HPG
2023-07-18 07:00:00,20.66,20.7,20.47,20.59,12402500,HPG
2023-07-19 07:00:00,20.51,20.97,20.47,20.74,15378300,HPG
2023-07-20 07:00:00,20.66,21.34,20.66,21.34,30865300,HPG
2023-07-21 07:00:00,21.46,21.5,21.27,21.5,18455900,HPG
2023-07-24 07:00:00,21.53,21.65,21.19,21.38,17164400,HPG
2023-07-25 07:00:00,21.38,21.46,21.19,21.38,20225200,HPG
2023-07-26 07:00:00,21.38,21.53,21.31,21.5,22868600,HPG
2023-07-27 07:00:00,21.5,21.72,21.27,21.5,21315900,HPG
2023-07-28 07:00:00,21.5,21.65,21.31,21.42,22702200,HPG
2023-07-31 07:00:00,21.34,21.38,20.7,21.34,45529400,HPG
2023-08-01 07:00:00,21.27,21.27,20.81,20.81,28011400,HPG
2023-08-02 07:00:00,20.74,21.08,20.63,20.81,18524000,HPG
2023-08-03 07:00:00,20.7,20.81,20.06,20.32,58029600,HPG
2023-08-04 07:00:00,20.28,20.81,20.28,20.7,22170700,HPG
2023-08-07 07:00:00,20.85,21.0,20.66,20.85,23091900,HPG
2023-08-08 07:00:00,20.89,21.12,20.55,20.59,25568400,HPG
2023-08-09 07:00:00,20.59,21.08,20.47,21.04,42662800,HPG
2023-08-10 07:00:00,21.12,21.12,20.66,20.7,17064700,HPG
2023-08-11 07:00:00,20.74,21.0,20.55,20.97,23382000,HPG
2023-08-14 07:00:00,21.04,21.46,20.93,21.31,44946400,HPG
2023-08-15 07:00:00,21.31,21.38,21.08,21.16,17938500,HPG
2023-08-16 07:00:00,21.16,21.19,20.93,21.16,14994500,HPG
2023-08-17 07:00:00,21.19,21.72,21.19,21.27,46604700,HPG
2023-08-18 07:00:00,21.12,21.19,19.83,20.06,46358400,HPG
2023-08-21 07:00:00,20.02,20.1,19.6,19.83,31441300,HPG
2023-08-22 07:00:00,19.83,19.94,19.0,19.79,35171700,HPG
2023-08-23 07:00:00,19.94,20.02,19.41,19.41,21774300,HPG
2023-08-24 07:00:00,19.41,19.91,19.38,19.91,16596900,HPG
2023-08-25 07:00:00,19.83,19.98,19.64,19.64,21847700,HPG
2023-08-28 07:00:00,19.68,20.32,19.68,20.32,22819800,HPG
2023-08-29 07:00:00,20.36,20.55,20.21,20.44,17969600,HPG
2023-08-30 07:00:00,20.44,20.63,20.25,20.59,20143600,HPG
2023-08-31 07:00:00,20.74,21.12,20.66,20.89,25934100,HPG
2023-09-05 07:00:00,21.04,21.16,20.63,21.04,24501600,HPG
2023-09-06 07:00:00,21.0,21.95,20.74,21.95,52574600,HPG
2023-09-07 07:00:00,21.95,22.18,21.57,21.69,33671800,HPG
2023-09-08 07:00:00,21.57,22.06,21.5,21.76,33793700,HPG
2023-09-11 07:00:00,21.95,21.99,21.0,21.19,47697500,HPG
2023-09-12 07:00:00,21.19,21.76,20.97,21.76,22615400,HPG
2023-09-13 07:00:00,21.8,22.25,21.38,21.5,49193400,HPG
2023-09-14 07:00:00,21.5,21.61,21.0,21.04,34684000,HPG
2023-09-15 07:00:00,21.12,21.27,20.89,20.89,24750600,HPG
2023-09-18 07:00:00,20.89,21.27,20.59,20.89,20891200,HPG
2023-09-19 07:00:00,21.19,21.31,20.81,21.31,21032900,HPG
2023-09-20 07:00:00,21.31,21.61,21.23,21.5,26600700,HPG
2023-09-21 07:00:00,21.5,22.03,21.31,21.5,42921200,HPG
2023-09-22 07:00:00,21.0,21.16,20.25,20.66,50583500,HPG
2023-09-25 07:00:00,20.44,20.81,19.45,19.68,36873300,HPG
2023-09-26 07:00:00,19.57,20.28,19.57,19.83,30838600,HPG
2023-09-27 07:00:00,19.79,20.21,19.79,20.06,20325300,HPG
2023-09-28 07:00:00,20.13,20.32,19.83,20.13,16562600,HPG
2023-09-29 07:00:00,20.28,20.32,19.87,19.91,15019100,HPG
2023-10-02 07:00:00,19.91,20.02,19.68,19.83,11412300,HPG
2023-10-03 07:00:00,19.76,19.76,18.7,18.77,40638000,HPG
2023-10-04 07:00:00,18.54,19.3,18.17,19.11,21095200,HPG
2023-10-05 07:00:00,19.23,19.3,18.81,18.85,10424100,HPG
2023-10-06 07:00:00,18.81,19.15,18.66,18.88,15250000,HPG
2023-10-09 07:00:00,18.88,19.38,18.88,19.3,11432000,HPG
2023-10-10 07:00:00,19.45,19.87,19.38,19.68,20004700,HPG
2023-10-11 07:00:00,19.79,19.87,19.53,19.83,13502200,HPG
2023-10-12 07:00:00,19.91,19.91,19.38,19.53,22054300,HPG
2023-10-13 07:00:00,19.38,19.49,18.96,19.49,19572000,HPG
2023-10-16 07:00:00,19.49,19.53,18.92,18.92,16205000,HPG
2023-10-17 07:00:00,19.07,19.26,18.77,18.77,14705500,HPG
2023-10-18 07:00:00,18.77,18.88,17.56,18.17,30930100,HPG
2023-10-19 07:00:00,18.24,18.32,17.75,17.94,20808100,HPG
2023-10-20 07:00:00,17.94,18.43,17.67,18.43,16369100,HPG
2023-10-23 07:00:00,18.43,18.43,17.94,18.17,11948700,HPG
2023-10-24 07:00:00,18.2,18.47,17.9,18.17,9713100,HPG
2023-10-25 07:00:00,18.2,18.62,18.2,18.2,12062100,HPG
2023-10-26 07:00:00,18.01,18.05,17.11,17.26,31030600,HPG
2023-10-27 07:00:00,17.6,17.79,17.3,17.67,15016200,HPG
2023-10-30 07:00:00,17.67,17.98,17.41,17.41,16173500,HPG
2023-10-31 07:00:00,17.79,17.79,17.33,17.41,20792000,HPG
2023-11-01 07:00:00,17.41,18.13,17.37,18.13,19143800,HPG
2023-11-02 07:00:00,18.32,19.38,18.24,19.11,26641800,HPG
2023-11-03 07:00:00,19.23,19.3,18.73,19.0,20498300,HPG
2023-11-06 07:00:00,19.19,19.6,19.07,19.49,20380200,HPG
2023-11-07 07:00:00,19.53,19.83,19.26,19.53,19861700,HPG
2023-11-08 07:00:00,19.53,20.4,19.38,20.4,34851200,HPG
2023-11-09 07:00:00,20.4,20.74,20.13,20.21,31361600,HPG
2023-11-10 07:00:00,19.98,20.51,19.94,20.06,28030400,HPG
2023-11-13 07:00:00,20.06,20.89,20.06,20.59,44000700,HPG
2023-11-14 07:00:00,20.74,20.81,20.21,20.44,23257200,HPG
2023-11-15 07:00:00,20.85,21.04,20.44,20.44,34617300,HPG
2023-11-16 07:00:00,20.32,20.59,20.28,20.59,16261000,HPG
2023-11-17 07:00:00,20.59,20.74,19.91,20.06,38532000,HPG
2023-11-20 07:00:00,19.76,20.36,19.76,20.17,18250000,HPG
2023-11-21 07:00:00,20.44,20.81,20.4,20.47,26703200,HPG
2023-11-22 07:00:00,20.44,20.59,20.36,20.59,17015100,HPG
2023-11-23 07:00:00,20.66,20.7,19.57,19.57,21684500,HPG
2023-11-24 07:00:00,19.68,19.98,19.34,19.98,26228500,HPG
2023-11-27 07:00:00,20.06,20.25,19.83,19.91,16724600,HPG
2023-11-28 07:00:00,19.98,20.21,19.72,20.21,18863600,HPG
2023-11-29 07:00:00,20.21,20.51,20.17,20.44,22503000,HPG
2023-11-30 07:00:00,20.51,20.59,20.1,20.1,21208100,HPG
2023-12-01 07:00:00,20.28,20.51,20.02,20.36,15400100,HPG
2023-12-04 07:00:00,20.59,21.0,20.47,20.81,42341900,HPG
2023-12-05 07:00:00,20.81,20.85,20.55,20.63,22511100,HPG
2023-12-06 07:00:00,20.63,20.89,20.59,20.89,18648100,HPG
2023-12-07 07:00:00,20.93,21.12,20.4,20.89,49430900,HPG
2023-12-08 07:00:00,21.04,21.38,20.81,20.97,52783700,HPG
2023-12-11 07:00:00,20.97,21.04,20.66,20.81,17845400,HPG
2023-12-12 07:00:00,20.81,21.34,20.81,21.16,31681800,HPG
2023-12-13 07:00:00,21.27,21.34,20.66,20.7,33347700,HPG
2023-12-14 07:00:00,20.85,20.85,20.47,20.47,31777500,HPG
2023-12-15 07:00:00,20.51,20.59,20.25,20.28,34686700,HPG
2023-12-18 07:00:00,20.36,20.44,20.13,20.13,14875800,HPG
2023-12-19 07:00:00,20.13,20.59,20.1,20.59,20496200,HPG
2023-12-20 07:00:00,20.59,20.7,20.51,20.59,17661600,HPG
2023-12-21 07:00:00,20.51,20.66,20.4,20.59,14307400,HPG
2023-12-22 07:00:00,20.59,20.7,20.47,20.47,17429100,HPG
2023-12-25 07:00:00,20.55,20.89,20.55,20.78,20407300,HPG
2023-12-26 07:00:00,20.74,21.12,20.74,21.04,33743700,HPG
2023-12-27 07:00:00,21.08,21.19,21.0,21.0,19852100,HPG
2023-12-28 07:00:00,21.0,21.34,20.93,21.16,31308200,HPG
2023-12-29 07:00:00,21.16,21.27,21.04,21.16,20467100,HPG
2024-01-02 07:00:00,21.27,21.31,20.78,20.78,22187200,HPG
2024-01-03 07:00:00,20.74,21.04,20.74,21.04,18575400,HPG
2024-01-04 07:00:00,21.04,21.27,20.97,21.0,38538700,HPG
2024-01-05 07:00:00,21.0,21.12,20.85,21.04,17333400,HPG
2024-01-08 07:00:00,21.16,21.38,21.08,21.08,31243900,HPG
2024-01-09 07:00:00,21.12,21.16,20.81,20.97,28623900,HPG
2024-01-10 07:00:00,20.97,21.0,20.63,20.7,32642500,HPG
2024-01-11 07:00:00,20.78,20.93,20.74,20.81,15264900,HPG
2024-01-12 07:00:00,20.7,20.78,20.47,20.55,28626500,HPG
2024-01-15 07:00:00,20.59,20.78,20.51,20.51,12497100,HPG
2024-01-16 07:00:00,20.51,21.04,20.47,21.04,19767200,HPG
2024-01-17 07:00:00,21.08,21.16,20.93,20.93,23410200,HPG
2024-01-18 07:00:00,20.97,21.08,20.89,20.93,12639000,HPG
2024-01-19 07:00:00,21.0,21.12,20.89,21.04,14859900,HPG
2024-01-22 07:00:00,21.19,21.69,21.08,21.42,66067900,HPG
2024-01-23 07:00:00,21.53,21.57,21.38,21.46,21678300,HPG
2024-01-24 07:00:00,21.42,21.57,21.38,21.38,16136900,HPG
2024-01-25 07:00:00,21.38,21.5,21.19,21.38,15227000,HPG
2024-01-26 07:00:00,21.5,21.57,21.38,21.46,14372300,HPG
2024-01-29 07:00:00,21.46,21.5,21.19,21.19,21575000,HPG
2024-01-30 07:00:00,21.19,21.27,21.08,21.19,17529200,HPG
2024-01-31 07:00:00,21.16,21.27,21.0,21.0,24456900,HPG
2024-02-01 07:00:00,21.0,21.27,20.97,21.08,10636100,HPG
2024-02-02 07:00:00,20.97,21.27,20.97,21.12,14162200,HPG
2024-02-05 07:00:00,21.12,21.42,21.12,21.19,16231200,HPG
2024-02-06 07:00:00,21.31,21.38,21.19,21.23,14660300,HPG
2024-02-07 07:00:00,21.23,21.42,21.23,21.31,13808300,HPG
2024-02-15 07:00:00,21.42,21.87,21.38,21.72,36985800,HPG
2024-02-16 07:00:00,21.76,21.8,21.65,21.65,16718800,HPG
2024-02-19 07:00:00,21.69,22.25,21.53,22.1,42276100,HPG
2024-02-20 07:00:00,22.1,22.21,21.99,22.1,21391700,HPG
2024-02-21 07:00:00,22.03,22.06,21.72,21.8,31579600,HPG
2024-02-22 07:00:00,21.72,21.8,21.61,21.61,22413300,HPG
2024-02-23 07:00:00,21.61,21.84,21.5,21.5,27300800,HPG
2024-02-26 07:00:00,21.5,21.8,21.42,21.8,19221700,HPG
2024-02-27 07:00:00,21.87,23.05,21.8,22.97,86841500,HPG
2024-02-28 07:00:00,23.01,23.43,22.82,23.16,35201800,HPG
2024-02-29 07:00:00,23.27,23.58,23.09,23.46,33580500,HPG
2024-03-01 07:00:00,23.62,23.62,23.2,23.35,26958700,HPG
2024-03-04 07:00:00,23.46,23.77,23.24,23.31,28579500,HPG
2024-03-05 07:00:00,23.31,23.69,23.24,23.58,29917200,HPG
2024-03-06 07:00:00,23.54,23.58,23.09,23.31,28059400,HPG
2024-03-07 07:00:00,23.24,23.73,23.16,23.46,32262200,HPG
2024-03-08 07:00:00,23.46,23.5,22.9,22.93,47322200,HPG
2024-03-11 07:00:00,22.93,23.16,22.56,22.63,30415100,HPG
2024-03-12 07:00:00,22.59,23.01,22.56,22.86,30135400,HPG
2024-03-13 07:00:00,22.86,23.35,22.78,23.31,29367000,HPG
2024-03-14 07:00:00,23.39,23.39,22.9,22.97,30774000,HPG
2024-03-15 07:00:00,22.97,23.24,22.71,22.78,35823700,HPG
2024-03-18 07:00:00,22.82,22.86,21.95,22.4,50100700,HPG
2024-03-19 07:00:00,22.33,23.16,22.25,22.56,26973500,HPG
2024-03-20 07:00:00,22.59,22.78,22.52,22.71,12971200,HPG
2024-03-21 07:00:00,22.97,23.12,22.78,22.9,19972600,HPG
2024-03-22 07:00:00,22.97,23.24,22.86,23.12,37384100,HPG
2024-03-25 07:00:00,23.12,23.43,22.74,22.86,21350200,HPG
2024-03-26 07:00:00,22.86,23.12,22.78,23.12,11976300,HPG
2024-03-27 07:00:00,23.39,23.54,23.16,23.16,24329500,HPG
2024-03-28 07:00:00,23.35,23.35,23.05,23.12,19113700,HPG
2024-03-29 07:00:00,23.16,23.16,22.9,22.9,14821800,HPG
2024-04-01 07:00:00,22.86,22.97,22.67,22.78,20759400,HPG
2024-04-02 07:00:00,22.63,23.01,22.56,23.01,26298400,HPG
2024-04-03 07:00:00,22.97,23.05,22.67,22.67,21489800,HPG
2024-04-04 07:00:00,22.67,22.74,22.37,22.4,26371300,HPG
2024-04-05 07:00:00,22.29,22.52,22.14,22.29,24018800,HPG
2024-04-08 07:00:00,22.29,22.56,22.18,22.4,16708800,HPG
2024-04-09 07:00:00,22.4,22.63,22.37,22.63,9838000,HPG
2024-04-10 07:00:00,22.67,22.78,22.44,22.44,11134400,HPG
2024-04-11 07:00:00,22.29,22.82,22.29,22.63,19246200,HPG
2024-04-12 07:00:00,22.71,22.78,22.59,22.67,13916900,HPG
2024-04-15 07:00:00,22.59,22.67,21.27,21.57,31107300,HPG
2024-04-16 07:00:00,21.57,21.61,21.08,21.46,33424200,HPG
2024-04-17 07:00:00,21.57,21.61,21.12,21.19,15575000,HPG
2024-04-19 07:00:00,21.04,21.46,20.81,21.04,26138500,HPG
2024-04-22 07:00:00,21.34,21.34,21.08,21.19,12390900,HPG
2024-04-23 07:00:00,21.19,21.23,20.78,20.89,18359900,HPG
2024-04-24 07:00:00,21.12,21.91,21.0,21.8,23052000,HPG
2024-04-25 07:00:00,21.72,21.72,21.42,21.61,11236400,HPG
2024-04-26 07:00:00,21.42,21.61,21.23,21.5,18304000,HPG
2024-05-02 07:00:00,21.5,21.5,21.23,21.46,7322100,HPG
2024-05-03 07:00:00,21.46,22.03,21.46,21.69,16714800,HPG
2024-05-06 07:00:00,21.84,22.21,21.8,22.18,27108200,HPG
2024-05-07 07:00:00,22.25,22.86,22.14,22.82,30139200,HPG
2024-05-08 07:00:00,22.82,23.46,22.52,23.24,34289800,HPG
2024-05-09 07:00:00,23.39,23.39,22.74,23.05,19422700,HPG
2024-05-10 07:00:00,23.16,23.2,22.67,23.05,18981900,HPG
2024-05-13 07:00:00,23.12,23.2,22.78,22.86,13171500,HPG
2024-05-14 07:00:00,23.01,23.24,22.78,22.86,15664000,HPG
2024-05-15 07:00:00,22.9,23.73,22.9,23.62,45110300,HPG
2024-05-16 07:00:00,23.92,24.11,23.8,23.92,27403900,HPG
2024-05-17 07:00:00,23.92,23.92,23.58,23.92,28640900,HPG
2024-05-20 07:00:00,23.96,24.33,23.92,24.22,46490000,HPG
2024-05-21 07:00:00,24.22,24.22,23.8,24.11,20863500,HPG
2024-05-22 07:00:00,24.11,24.18,23.58,23.69,39782700,HPG
2024-05-23 07:00:00,24.02,24.57,23.82,24.57,37870200,HPG
2024-05-24 07:00:00,24.4,24.57,23.73,24.07,30151700,HPG
2024-05-27 07:00:00,24.07,24.4,23.86,24.07,15759100,HPG
2024-05-28 07:00:00,24.15,24.32,23.98,24.27,17564600,HPG
2024-05-29 07:00:00,24.23,24.36,23.82,23.82,21599400,HPG
2024-05-30 07:00:00,23.73,23.77,23.32,23.52,27257700,HPG
2024-05-31 07:00:00,23.65,23.98,23.36,23.82,17736800,HPG
2024-06-03 07:00:00,23.98,24.23,23.98,24.15,20634500,HPG
2024-06-04 07:00:00,24.15,24.82,24.15,24.4,39654300,HPG
2024-06-05 07:00:00,24.4,24.57,24.23,24.36,19195800,HPG
2024-06-06 07:00:00,24.36,24.69,24.07,24.4,20822600,HPG
2024-06-07 07:00:00,24.44,24.48,24.23,24.4,14882900,HPG
2024-06-10 07:00:00,24.48,24.52,24.27,24.4,20259700,HPG
2024-06-11 07:00:00,24.48,24.69,24.19,24.23,26986400,HPG
2024-06-12 07:00:00,24.15,24.65,24.15,24.65,19284400,HPG
2024-06-13 07:00:00,24.69,24.73,24.4,24.57,20548700,HPG
2024-06-14 07:00:00,24.57,24.94,24.23,24.23,34292400,HPG
2024-06-17 07:00:00,24.23,24.94,24.15,24.52,34373100,HPG
2024-06-18 07:00:00,24.57,24.73,24.48,24.48,16534100,HPG
2024-06-19 07:00:00,24.57,24.61,24.36,24.44,19178300,HPG
2024-06-20 07:00:00,24.36,24.48,24.11,24.44,27774000,HPG
2024-06-21 07:00:00,24.44,24.44,24.15,24.19,14287400,HPG
2024-06-24 07:00:00,24.15,24.23,23.52,23.9,37846100,HPG
2024-06-25 07:00:00,23.82,24.19,23.73,23.9,16655000,HPG
2024-06-26 07:00:00,23.94,24.32,23.82,24.07,19746800,HPG
2024-06-27 07:00:00,24.15,24.19,23.9,24.02,10080500,HPG
2024-06-28 07:00:00,23.94,24.07,23.57,23.57,22182300,HPG
2024-07-01 07:00:00,23.57,23.73,23.36,23.61,13557400,HPG
2024-07-02 07:00:00,23.61,24.02,23.52,23.9,21258400,HPG
2024-07-03 07:00:00,24.15,24.23,23.9,23.94,17252800,HPG
2024-07-04 07:00:00,24.02,24.19,23.82,23.9,9353000,HPG
2024-07-05 07:00:00,23.9,24.11,23.82,23.86,12362300,HPG
2024-07-08 07:00:00,23.9,24.19,23.86,23.98,18430100,HPG
2024-07-09 07:00:00,23.98,24.32,23.94,24.15,22548200,HPG
2024-07-10 07:00:00,24.23,24.57,24.11,24.11,30969800,HPG
2024-07-11 07:00:00,24.27,24.36,24.02,24.02,14512000,HPG
2024-07-12 07:00:00,24.07,24.11,23.69,23.73,18050400,HPG
2024-07-15 07:00:00,23.77,23.94,23.48,23.69,16287600,HPG
2024-07-16 07:00:00,23.73,23.86,23.65,23.69,12327400,HPG
2024-07-17 07:00:00,23.77,23.82,22.98,23.48,25546900,HPG
2024-07-18 07:00:00,23.48,23.69,23.36,23.65,20477300,HPG
2024-07-19 07:00:00,23.65,23.65,23.48,23.48,11865200,HPG
2024-07-22 07:00:00,23.4,23.48,23.11,23.36,18399400,HPG
2024-07-23 07:00:00,23.36,23.48,23.15,23.15,15056900,HPG
2024-07-24 07:00:00,23.11,23.27,22.57,23.07,19233100,HPG
2024-07-25 07:00:00,22.98,23.02,22.73,22.77,13319700,HPG
2024-07-26 07:00:00,22.77,23.02,22.77,22.86,8806900,HPG
2024-07-29 07:00:00,23.02,23.4,22.98,23.23,15443700,HPG
2024-07-30 07:00:00,23.32,23.48,23.23,23.23,15542800,HPG
2024-07-31 07:00:00,23.23,23.23,22.57,22.65,24285900,HPG
2024-08-01 07:00:00,22.9,23.02,22.15,22.23,30480400,HPG
2024-08-02 07:00:00,22.19,22.73,22.07,22.69,17545800,HPG
2024-08-05 07:00:00,22.32,22.36,21.48,21.61,45610000,HPG
2024-08-06 07:00:00,21.69,22.03,21.53,21.9,19759200,HPG
2024-08-07 07:00:00,22.03,22.03,21.61,21.69,15411700,HPG
2024-08-08 07:00:00,21.61,21.73,21.28,21.32,21915800,HPG
2024-08-09 07:00:00,21.57,21.73,21.4,21.69,12123200,HPG
2024-08-12 07:00:00,21.69,21.73,21.4,21.53,12576000,HPG
2024-08-13 07:00:00,21.57,21.61,20.98,21.15,26244600,HPG
2024-08-14 07:00:00,21.23,21.4,21.07,21.19,13691400,HPG
2024-08-15 07:00:00,21.19,21.19,20.98,20.98,16229400,HPG
2024-08-16 07:00:00,20.98,21.4,20.82,21.32,36326600,HPG
2024-08-19 07:00:00,21.48,21.94,21.4,21.53,24427500,HPG
2024-08-20 07:00:00,21.65,21.82,21.48,21.48,20447900,HPG
2024-08-21 07:00:00,21.53,21.86,21.48,21.78,24811600,HPG
2024-08-22 07:00:00,21.82,21.86,21.4,21.44,24029400,HPG
2024-08-23 07:00:00,21.44,21.69,21.15,21.69,22408300,HPG
2024-08-26 07:00:00,21.78,21.98,21.61,21.65,21643500,HPG
2024-08-27 07:00:00,21.65,21.69,21.4,21.44,12450500,HPG
2024-08-28 07:00:00,21.53,21.61,21.36,21.4,18656100,HPG
2024-08-29 07:00:00,21.48,21.61,21.32,21.32,16163400,HPG
2024-08-30 07:00:00,21.4,21.44,21.23,21.23,17965500,HPG
2024-09-04 07:00:00,21.07,21.19,20.9,21.03,19062500,HPG
2024-09-05 07:00:00,21.11,21.11,20.82,20.86,22563500,HPG
2024-09-06 07:00:00,20.86,21.15,20.61,21.15,22851500,HPG
2024-09-09 07:00:00,21.15,21.82,21.07,21.32,32645800,HPG
2024-09-10 07:00:00,21.44,21.53,20.94,20.94,15019200,HPG
2024-09-11 07:00:00,20.94,21.28,20.86,21.11,14212700,HPG
2024-09-12 07:00:00,21.15,21.28,20.9,20.9,9035800,HPG
2024-09-13 07:00:00,20.94,21.07,20.82,20.82,12428200,HPG
2024-09-16 07:00:00,20.82,21.03,20.69,20.69,14573600,HPG
2024-09-17 07:00:00,20.73,21.03,20.65,21.03,13173400,HPG
2024-09-18 07:00:00,21.03,21.11,20.9,20.9,13234500,HPG
2024-09-19 07:00:00,21.07,21.23,20.98,21.03,13677300,HPG
2024-09-20 07:00:00,21.23,21.69,21.19,21.36,44588800,HPG
2024-09-23 07:00:00,21.48,21.73,21.4,21.4,15513400,HPG
2024-09-24 07:00:00,21.4,21.53,21.36,21.53,10647000,HPG
2024-09-25 07:00:00,21.73,21.98,21.69,21.82,41009200,HPG
2024-09-26 07:00:00,21.9,22.03,21.69,21.69,21745200,HPG
2024-09-27 07:00:00,21.78,21.9,21.57,21.69,30540100,HPG
2024-09-30 07:00:00,21.82,22.15,21.78,21.94,37425200,HPG
2024-10-01 07:00:00,22.32,22.48,22.19,22.28,37852700,HPG
2024-10-02 07:00:00,22.23,22.23,21.9,21.9,21285700,HPG
2024-10-03 07:00:00,22.03,22.19,21.73,21.82,26798500,HPG
2024-10-04 07:00:00,21.82,22.07,21.73,21.82,17555300,HPG
2024-10-07 07:00:00,21.98,22.07,21.82,21.98,12466400,HPG
2024-10-08 07:00:00,21.98,22.57,21.94,22.44,38169900,HPG
2024-10-09 07:00:00,22.61,22.9,22.53,22.9,41613700,HPG
2024-10-10 07:00:00,22.98,23.07,22.69,22.69,23823900,HPG
2024-10-11 07:00:00,22.77,22.86,22.48,22.73,15761800,HPG
2024-10-14 07:00:00,22.77,22.86,22.53,22.53,17974700,HPG
2024-10-15 07:00:00,22.82,22.86,22.61,22.61,20160900,HPG
2024-10-16 07:00:00,22.61,22.73,22.57,22.57,11628300,HPG
2024-10-17 07:00:00,22.61,22.69,22.28,22.69,20560900,HPG
2024-10-18 07:00:00,22.69,22.73,22.44,22.44,16242400,HPG
2024-10-21 07:00:00,22.44,22.53,22.23,22.28,13894500,HPG
2024-10-22 07:00:00,22.19,22.36,22.07,22.19,18315000,HPG
2024-10-23 07:00:00,22.19,22.23,21.94,22.03,13607700,HPG
2024-10-24 07:00:00,22.07,22.23,21.94,22.03,15898900,HPG
2024-10-25 07:00:00,22.15,22.19,22.03,22.03,9445600,HPG
2024-10-28 07:00:00,22.07,22.44,22.07,22.28,11933000,HPG
2024-10-29 07:00:00,22.32,22.61,22.23,22.53,15733100,HPG
2024-10-30 07:00:00,22.53,22.57,22.32,22.48,11066500,HPG
2024-10-31 07:00:00,22.53,22.53,22.32,22.4,13325100,HPG
2024-11-01 07:00:00,22.32,22.36,22.03,22.11,13201400,HPG
2024-11-04 07:00:00,22.11,22.11,21.78,21.9,18309700,HPG
2024-11-05 07:00:00,21.9,22.11,21.82,22.07,8094800,HPG
2024-11-06 07:00:00,22.19,22.61,22.11,22.44,20992000,HPG
2024-11-07 07:00:00,22.57,22.73,22.44,22.44,15984800,HPG
2024-11-08 07:00:00,22.65,22.9,22.48,22.48,24762900,HPG
2024-11-11 07:00:00,22.53,23.07,22.44,23.07,40877500,HPG
2024-11-12 07:00:00,23.11,23.23,22.73,22.9,23963200,HPG
2024-11-13 07:00:00,22.65,22.82,22.36,22.53,22287600,HPG
2024-11-14 07:00:00,22.53,22.57,21.9,21.9,26564300,HPG
2024-11-15 07:00:00,21.9,21.94,21.57,21.57,27604300,HPG
2024-11-18 07:00:00,21.65,21.69,21.23,21.48,20599400,HPG
2024-11-19 07:00:00,21.53,21.65,21.19,21.19,15842800,HPG
2024-11-20 07:00:00,21.15,21.65,21.03,21.32,22750500,HPG
2024-11-21 07:00:00,21.36,21.61,21.28,21.53,12777100,HPG
2024-11-22 07:00:00,21.57,21.86,21.53,21.73,17266400,HPG
2024-11-25 07:00:00,21.73,21.9,21.69,21.9,12830400,HPG
2024-11-26 07:00:00,21.9,22.07,21.82,21.94,13180700,HPG
2024-11-27 07:00:00,21.94,22.03,21.73,21.9,7966600,HPG
2024-11-28 07:00:00,22.03,22.28,21.9,21.98,14131000,HPG
2024-11-29 07:00:00,22.03,22.28,21.9,22.28,13877300,HPG
2024-12-02 07:00:00,22.44,22.61,22.28,22.4,18575600,HPG
2024-12-03 07:00:00,22.36,22.48,22.15,22.48,15812100,HPG
2024-12-04 07:00:00,22.36,22.36,22.19,22.23,12508500,HPG
2024-12-05 07:00:00,22.23,23.19,21.98,23.19,44746700,HPG
2024-12-06 07:00:00,23.19,23.23,22.9,22.98,23751300,HPG
2024-12-09 07:00:00,23.02,23.23,22.9,23.02,15948700,HPG
2024-12-10 07:00:00,23.07,23.48,22.98,23.23,32689300,HPG
2024-12-11 07:00:00,23.23,23.44,22.98,23.11,17031500,HPG
2024-12-12 07:00:00,23.11,23.23,22.77,22.9,20965100,HPG
2024-12-13 07:00:00,22.73,22.82,22.57,22.65,17265900,HPG
2024-12-16 07:00:00,22.65,22.77,22.36,22.48,16652700,HPG
2024-12-17 07:00:00,22.48,22.57,22.36,22.48,10809400,HPG
2024-12-18 07:00:00,22.48,22.77,22.44,22.77,12794200,HPG
2024-12-19 07:00:00,22.48,22.61,22.32,22.36,30331800,HPG
2024-12-20 07:00:00,22.36,22.44,22.23,22.23,13746900,HPG
2024-12-23 07:00:00,22.28,22.53,22.28,22.48,12898800,HPG
2024-12-24 07:00:00,22.4,22.4,22.15,22.23,13462400,HPG
2024-12-25 07:00:00,22.28,22.61,22.28,22.61,17144300,HPG
2024-12-26 07:00:00,22.61,22.65,22.36,22.48,9975100,HPG
2024-12-27 07:00:00,22.48,22.48,22.32,22.36,11389200,HPG
2024-12-30 07:00:00,22.32,22.36,22.19,22.28,12168200,HPG
2024-12-31 07:00:00,22.28,22.28,22.15,22.19,10247400,HPG
2025-01-02 07:00:00,22.23,22.53,22.23,22.48,14961200,HPG
2025-01-03 07:00:00,22.4,22.48,22.15,22.15,13200100,HPG
2025-01-06 07:00:00,22.15,22.23,21.69,21.69,15250500,HPG
2025-01-07 07:00:00,21.78,21.98,21.69,21.69,14399600,HPG
2025-01-08 07:00:00,21.69,21.86,21.61,21.86,12957600,HPG
2025-01-09 07:00:00,21.9,21.9,21.57,21.65,9236900,HPG
2025-01-10 07:00:00,21.65,21.73,21.28,21.28,14273600,HPG
2025-01-13 07:00:00,21.28,21.69,21.19,21.57,13576000,HPG
2025-01-14 07:00:00,21.61,21.65,21.48,21.53,7660700,HPG
2025-01-15 07:00:00,21.65,21.86,21.57,21.82,11221600,HPG
2025-01-16 07:00:00,21.9,22.03,21.69,21.9,11206800,HPG
2025-01-17 07:00:00,21.9,22.07,21.73,22.07,13950100,HPG
2025-01-20 07:00:00,22.07,22.28,22.03,22.03,9654200,HPG
2025-01-21 07:00:00,22.15,22.15,21.82,21.9,10421500,HPG
2025-01-22 07:00:00,21.98,21.98,21.78,21.78,10280000,HPG
2025-01-23 07:00:00,21.82,22.28,21.78,22.19,15792000,HPG
2025-01-24 07:00:00,22.19,22.19,22.03,22.11,10401300,HPG
2025-02-03 07:00:00,22.07,22.15,21.86,21.98,16971700,HPG
2025-02-04 07:00:00,22.07,22.48,22.03,22.36,17358200,HPG
2025-02-05 07:00:00,22.36,22.48,22.28,22.32,14466500,HPG
2025-02-06 07:00:00,22.32,22.44,22.28,22.32,13535000,HPG
2025-02-07 07:00:00,22.32,22.32,22.15,22.19,12547400,HPG
2025-02-10 07:00:00,22.07,22.07,21.15,21.15,61096500,HPG
2025-02-11 07:00:00,21.19,21.73,21.19,21.73,28896000,HPG
2025-02-12 07:00:00,21.82,21.82,21.53,21.53,13651300,HPG
2025-02-13 07:00:00,21.61,21.65,21.53,21.57,9499100,HPG
2025-02-14 07:00:00,21.73,21.9,21.65,21.73,18580600,HPG
2025-02-17 07:00:00,21.78,21.86,21.69,21.78,14369400,HPG
2025-02-18 07:00:00,21.94,22.15,21.9,22.11,24939500,HPG
2025-02-19 07:00:00,22.15,22.15,21.98,22.07,13653000,HPG
2025-02-20 07:00:00,22.11,22.15,22.07,22.11,11910400,HPG
2025-02-21 07:00:00,22.11,22.15,21.98,22.03,11063800,HPG
2025-02-24 07:00:00,23.57,23.57,22.94,23.07,73891100,HPG
2025-02-25 07:00:00,22.98,23.07,22.65,22.9,31575300,HPG
2025-02-26 07:00:00,22.98,23.27,22.94,23.11,31819600,HPG
2025-02-27 07:00:00,23.15,23.69,22.98,23.69,51120800,HPG
2025-02-28 07:00:00,23.65,23.65,23.27,23.32,24214400,HPG
2025-03-03 07:00:00,23.36,23.52,23.32,23.36,20663700,HPG
2025-03-04 07:00:00,23.36,23.36,23.02,23.19,27424100,HPG
2025-03-05 07:00:00,23.19,23.23,22.94,22.94,30385500,HPG
2025-03-06 07:00:00,22.98,23.27,22.98,23.27,36975600,HPG
2025-03-07 07:00:00,23.32,23.4,23.11,23.36,33131200,HPG
2025-03-10 07:00:00,23.4,23.48,23.27,23.27,23580500,HPG
2025-03-11 07:00:00,22.98,23.44,22.98,23.44,26088500,HPG
2025-03-12 07:00:00,23.48,23.48,23.15,23.15,20641600,HPG
2025-03-13 07:00:00,23.19,23.36,23.07,23.07,24809400,HPG
2025-03-14 07:00:00,23.07,23.19,22.94,22.94,18279900,HPG
2025-03-17 07:00:00,23.23,23.44,23.11,23.19,19719700,HPG
2025-03-18 07:00:00,23.23,23.36,22.98,22.98,18741700,HPG
2025-03-19 07:00:00,22.98,22.98,22.57,22.69,37925600,HPG
2025-03-20 07:00:00,22.73,22.86,22.53,22.61,25022500,HPG
2025-03-21 07:00:00,22.57,22.69,22.53,22.61,18912200,HPG
2025-03-24 07:00:00,22.61,22.69,22.4,22.61,16229800,HPG
2025-03-25 07:00:00,22.69,22.82,22.57,22.65,20101000,HPG
2025-03-26 07:00:00,22.65,23.27,22.61,22.94,43980000,HPG
2025-03-27 07:00:00,23.07,23.07,22.86,22.9,12009700,HPG
2025-03-28 07:00:00,22.86,22.9,22.57,22.61,17070200,HPG
2025-03-31 07:00:00,22.53,22.57,22.28,22.28,26536400,HPG
2025-04-01 07:00:00,22.32,22.53,22.28,22.48,14018400,HPG
2025-04-02 07:00:00,22.61,22.82,22.57,22.69,16785400,HPG
2025-04-03 07:00:00,21.48,22.03,21.11,21.11,80695800,HPG
2025-04-04 07:00:00,19.65,20.69,19.65,20.48,73181200,HPG
2025-04-08 07:00:00,19.57,19.99,19.07,19.07,35443300,HPG
2025-04-09 07:00:00,17.74,18.57,17.74,17.74,77156800,HPG
2025-04-10 07:00:00,18.94,18.94,18.94,18.94,3062400,HPG
2025-04-11 07:00:00,20.15,20.24,19.57,20.24,76273700,HPG
2025-04-14 07:00:00,20.65,21.44,20.61,21.11,51203900,HPG
2025-04-15 07:00:00,20.94,21.78,20.86,21.53,50570600,HPG
2025-04-16 07:00:00,21.57,21.65,20.86,21.23,25705300,HPG
2025-04-17 07:00:00,20.98,21.32,20.65,21.23,24441000,HPG
2025-04-18 07:00:00,21.36,21.44,21.19,21.19,20765500,HPG
2025-04-21 07:00:00,21.19,21.19,20.78,20.78,17306200,HPG
2025-04-22 07:00:00,20.65,20.9,19.49,20.86,47447000,HPG
2025-04-23 07:00:00,21.23,21.4,21.11,21.28,22232700,HPG
2025-04-24 07:00:00,21.4,21.4,20.98,21.32,17212000,HPG
2025-04-25 07:00:00,21.19,21.4,21.03,21.4,24849000,HPG
2025-04-28 07:00:00,21.4,21.4,21.11,21.36,9757000,HPG
2025-04-29 07:00:00,21.36,21.4,21.15,21.23,14467400,HPG
2025-05-05 07:00:00,21.36,21.44,21.11,21.4,12548300,HPG
2025-05-06 07:00:00,21.44,21.69,21.19,21.19,20937300,HPG
2025-05-07 07:00:00,21.11,21.23,21.11,21.15,11501800,HPG
2025-05-08 07:00:00,21.15,21.53,21.07,21.4,19892200,HPG
2025-05-09 07:00:00,21.4,21.44,21.23,21.36,11008000,HPG
2025-05-12 07:00:00,21.28,21.44,20.61,21.15,64734900,HPG
2025-05-13 07:00:00,21.32,21.65,21.32,21.48,20304600,HPG
2025-05-14 07:00:00,21.57,22.11,21.53,21.78,34073700,HPG
2025-05-15 07:00:00,21.82,21.82,21.53,21.78,22616700,HPG
2025-05-16 07:00:00,21.78,21.82,21.48,21.48,16810600,HPG
2025-05-19 07:00:00,21.44,21.61,21.28,21.36,14995700,HPG
2025-05-20 07:00:00,21.32,21.48,21.32,21.36,17449000,HPG
2025-05-21 07:00:00,21.44,21.73,21.36,21.44,20150500,HPG
2025-05-22 07:00:00,21.44,21.61,21.28,21.36,24363700,HPG
2025-05-23 07:00:00,21.44,21.53,21.28,21.32,11096000,HPG
2025-05-26 07:00:00,21.36,21.36,20.86,21.28,27433800,HPG
2025-05-27 07:00:00,21.28,21.78,21.28,21.28,26892800,HPG
2025-05-28 07:00:00,21.44,21.57,21.28,21.32,15604800,HPG
2025-05-29 07:00:00,21.4,21.48,21.23,21.28,16434100,HPG
2025-05-30 07:00:00,21.36,22.19,21.36,21.44,64975400,HPG
2025-06-02 07:00:00,21.32,21.36,21.11,21.28,21933200,HPG
2025-06-03 07:00:00,21.48,21.82,21.44,21.65,31038500,HPG
2025-06-04 07:00:00,21.73,21.98,21.61,21.61,25685700,HPG
2025-06-05 07:00:00,21.65,21.69,21.4,21.44,18786300,HPG
2025-06-06 07:00:00,21.69,22.07,21.57,21.69,42244000,HPG
2025-06-09 07:00:00,21.73,21.98,21.61,21.9,24987900,HPG
2025-06-10 07:00:00,22.07,22.36,21.82,21.82,29410900,HPG
2025-06-11 07:00:00,21.9,21.94,21.65,21.73,16548100,HPG
2025-06-12 07:00:00,21.78,22.57,21.78,22.32,52217900,HPG
2025-06-13 07:00:00,22.15,22.28,21.9,21.98,38769800,HPG
2025-06-16 07:00:00,21.94,22.48,21.94,22.28,29735100,HPG
2025-06-17 07:00:00,22.4,22.57,22.28,22.36,26625600,HPG
2025-06-18 07:00:00,22.4,22.65,22.32,22.61,31468200,HPG
2025-06-19 07:00:00,22.61,22.65,22.32,22.4,23408200,HPG
2025-06-20 07:00:00,22.48,22.57,22.36,22.48,23416400,HPG
2025-06-23 07:00:00,22.36,22.48,22.15,22.36,22192800,HPG
2025-06-24 07:00:00,22.53,22.65,22.44,22.48,27870000,HPG
2025-06-25 07:00:00,22.57,22.86,22.44,22.65,38638800,HPG
2025-06-26 07:00:00,23.05,23.15,22.75,22.8,38371000,HPG
2025-06-27 07:00:00,22.95,22.95,22.75,22.85,16481800,HPG
2025-06-30 07:00:00,22.9,22.95,22.7,22.7,19885300,HPG
2025-07-01 07:00:00,22.75,22.9,22.6,22.65,19766000,HPG
2025-07-02 07:00:00,22.65,22.9,22.55,22.9,18902100,HPG
2025-07-03 07:00:00,23.0,23.65,23.0,23.1,42514500,HPG
2025-07-04 07:00:00,23.15,23.25,23.1,23.25,19401100,HPG
2025-07-07 07:00:00,23.7,23.7,23.4,23.6,35999600,HPG
2025-07-08 07:00:00,23.65,24.8,23.55,24.7,77477100,HPG
2025-07-09 07:00:00,24.8,25.1,24.6,24.75,43462900,HPG
2025-07-10 07:00:00,24.85,25.2,24.55,25.15,85282300,HPG
2025-07-11 07:00:00,25.25,26.25,25.05,26.0,65285300,HPG
2025-07-14 07:00:00,26.2,26.45,25.55,25.75,49438500,HPG
2025-07-15 07:00:00,25.8,26.0,25.5,25.5,46507000,HPG
2025-07-16 07:00:00,25.45,26.2,25.4,26.1,45893600,HPG
2025-07-17 07:00:00,26.2,26.35,25.9,26.0,56229600,HPG
2025-07-18 07:00:00,26.0,26.1,25.75,25.9,40723400,HPG
2025-07-21 07:00:00,26.4,27.0,26.1,26.2,55773600,HPG
2025-07-22 07:00:00,26.15,26.45,26.0,26.45,31504400,HPG
2025-07-23 07:00:00,26.55,26.95,26.4,26.4,43124000,HPG
2025-07-24 07:00:00,26.4,26.45,25.9,26.0,51907400,HPG
2025-07-25 07:00:00,26.0,26.3,25.9,26.05,51078400,HPG
2025-07-28 07:00:00,26.1,26.85,26.0,26.35,99592800,HPG
2025-07-29 07:00:00,26.45,26.6,25.35,25.35,82604800,HPG
2025-07-30 07:00:00,25.6,25.75,25.1,25.4,50186000,HPG
2025-07-31 07:00:00,25.45,25.6,24.75,24.95,85332500,HPG
2025-08-01 07:00:00,24.85,25.3,24.8,25.15,50798600,HPG
2025-08-04 07:00:00,25.1,25.45,24.95,25.3,37058100,HPG
2025-08-05 07:00:00,25.45,27.05,25.45,26.4,215999100,HPG
2025-08-06 07:00:00,26.75,27.7,26.65,27.1,96174200,HPG
2025-08-07 07:00:00,27.35,28.55,27.0,28.5,139119300,HPG
2025-08-08 07:00:00,28.6,28.65,27.6,28.0,121062500,HPG
2025-08-11 07:00:00,28.15,28.45,27.8,28.15,67223000,HPG
2025-08-12 07:00:00,28.35,29.1,28.15,28.5,84195900,HPG
2025-08-13 07:00:00,28.55,28.6,27.85,28.1,79765000,HPG
2025-08-14 07:00:00,28.2,28.45,28.0,28.2,76049900,HPG
2025-08-15 07:00:00,28.45,28.8,27.85,28.0,107927600,HPG
2025-08-18 07:00:00,28.3,28.8,28.2,28.4,69044400,HPG
2025-08-19 07:00:00,28.6,28.7,28.1,28.15,63021900,HPG
2025-08-20 07:00:00,28.2,28.25,27.05,27.4,101007400,HPG
2025-08-21 07:00:00,27.45,27.8,27.3,27.4,69981700,HPG
2025-08-22 07:00:00,26.95,27.1,26.0,26.0,132314200,HPG
2025-08-25 07:00:00,26.5,26.75,25.85,25.95,68320100,HPG
2025-08-26 07:00:00,26.1,27.2,26.1,27.2,51986200,HPG
2025-08-27 07:00:00,27.25,27.25,26.75,26.75,85992500,HPG
2025-08-28 07:00:00,26.95,27.5,26.85,27.1,63166300,HPG
2025-08-29 07:00:00,27.2,27.85,27.05,27.5,81735200,HPG
2025-09-03 07:00:00,27.4,29.0,27.25,28.15,119138500,HPG
2025-09-04 07:00:00,28.45,29.9,28.35,29.85,141435100,HPG
2025-09-05 07:00:00,30.0,30.1,28.8,28.8,95256400,HPG
2025-09-08 07:00:00,28.7,29.75,28.65,28.9,141768400,HPG
2025-09-09 07:00:00,29.2,29.25,28.2,28.85,73861200,HPG
2025-09-10 07:00:00,28.85,29.2,28.4,28.85,52455800,HPG
2025-09-11 07:00:00,28.7,29.2,28.0,29.15,71781900,HPG
2025-09-12 07:00:00,29.2,30.1,29.15,30.0,104621000,HPG
2025-09-15 07:00:00,30.25,30.85,30.1,30.35,88920500,HPG
2025-09-16 07:00:00,30.55,30.55,29.75,29.95,66855600,HPG
2025-09-17 07:00:00,29.9,30.25,29.2,29.2,124424600,HPG
2025-09-18 07:00:00,29.35,29.4,28.6,29.15,75687000,HPG
2025-09-19 07:00:00,29.3,29.4,28.8,29.25,45024800,HPG
2025-09-22 07:00:00,29.25,29.25,28.3,28.4,66073800,HPG
2025-09-23 07:00:00,28.55,28.85,28.45,28.65,24900000,HPG
2025-09-24 07:00:00,28.65,29.05,28.25,29.05,30738900,HPG
2025-09-25 07:00:00,29.15,29.3,28.75,28.8,34435400,HPG
2025-09-26 07:00:00,28.85,29.2,28.55,28.55,38128900,HPG
2025-09-29 07:00:00,28.55,28.9,28.4,28.6,38831200,HPG
2025-09-30 07:00:00,28.55,28.6,27.9,28.15,53737200,HPG
2025-10-01 07:00:00,28.3,28.5,28.1,28.3,29848500,HPG
2025-10-02 07:00:00,28.35,28.65,28.05,28.1,30165900,HPG
2025-10-03 07:00:00,28.1,28.1,27.35,27.65,58123500,HPG
2025-10-06 07:00:00,28.1,29.2,28.1,29.2,71269500,HPG
2025-10-07 07:00:00,29.2,29.35,29.0,29.0,41398600,HPG
2025-10-08 07:00:00,29.25,29.4,28.75,29.2,59953000,HPG
2025-10-09 07:00:00,29.4,29.4,28.85,28.95,42551700,HPG
2025-10-10 07:00:00,29.0,29.75,28.9,29.6,62702300,HPG
2025-10-13 07:00:00,29.05,29.25,28.85,29.0,80237700,HPG
2025-10-14 07:00:00,29.05,29.25,28.3,28.35,84307900,HPG
2025-10-15 07:00:00,28.4,28.7,28.2,28.25,34623200,HPG
2025-10-16 07:00:00,28.25,28.8,28.0,28.25,44715300,HPG
2025-10-17 07:00:00,28.3,28.65,28.0,28.0,46508200,HPG
2025-10-20 07:00:00,27.9,28.25,26.05,26.05,102963100,HPG
2025-10-21 07:00:00,26.3,27.0,26.0,26.8,74275800,HPG
2025-10-22 07:00:00,26.9,26.9,26.15,26.7,37268800,HPG
2025-10-23 07:00:00,26.75,27.0,26.5,26.5,23443400,HPG
2025-10-24 07:00:00,26.5,26.7,26.1,26.4,30587700,HPG
2025-10-27 07:00:00,26.75,26.85,26.25,26.25,27390800,HPG
2025-10-28 07:00:00,26.35,26.8,26.15,26.8,28512100,HPG
2025-10-29 07:00:00,26.9,27.55,26.9,27.25,39448900,HPG
2025-10-30 07:00:00,27.4,27.4,26.9,26.9,23693500,HPG
2025-10-31 07:00:00,26.9,27.1,26.7,26.7,19779100,HPG
2025-11-03 07:00:00,26.75,26.9,26.05,26.05,28356600,HPG
2025-11-04 07:00:00,26.15,26.85,25.95,26.75,37767100,HPG
2025-11-05 07:00:00,26.45,26.75,26.25,26.3,20835300,HPG
2025-11-06 07:00:00,26.35,26.5,26.1,26.1,21207600,HPG
2025-11-07 07:00:00,26.15,26.55,26.0,26.05,55100200,HPG
2025-11-10 07:00:00,26.2,26.75,26.1,26.45,48017900,HPG
2025-11-11 07:00:00,26.6,26.9,26.45,26.6,31332100,HPG
2025-11-12 07:00:00,26.65,27.1,26.65,27.0,30662900,HPG
2025-11-13 07:00:00,27.0,27.05,26.55,26.55,18927500,HPG
2025-11-14 07:00:00,26.5,26.95,26.5,26.9,22112200,HPG
2025-11-17 07:00:00,27.05,27.35,27.05,27.3,32158300,HPG
2025-11-18 07:00:00,27.25,27.6,27.15,27.5,35028300,HPG
2025-11-19 07:00:00,27.5,28.35,27.45,27.6,56320700,HPG
2025-11-20 07:00:00,27.7,27.8,27.15,27.25,23049300,HPG
2025-11-21 07:00:00,27.15,27.45,26.9,27.4,22607900,HPG
2025-11-24 07:00:00,27.4,27.55,27.1,27.1,14707800,HPG
2025-11-25 07:00:00,27.15,27.35,26.9,26.9,24346200,HPG
2025-11-26 07:00:00,26.95,27.2,26.85,27.1,19022200,HPG
2025-11-27 07:00:00,27.2,27.3,26.9,26.9,13956200,HPG
2025-11-28 07:00:00,26.9,27.05,26.55,26.55,20789300,HPG
2025-12-01 07:00:00,26.65,26.75,26.5,26.5,19747100,HPG
2025-12-02 07:00:00,26.55,26.65,26.2,26.5,26073200,HPG
2025-12-03 07:00:00,26.6,26.85,26.45,26.8,21527600,HPG
2025-12-04 07:00:00,26.95,27.45,26.9,27.3,35081200,HPG
2025-12-05 07:00:00,27.35,27.35,27.0,27.0,17662100,HPG
2025-12-08 07:00:00,26.9,27.1,26.75,26.75,21455600,HPG
2025-12-09 07:00:00,26.7,26.9,26.4,26.4,39911800,HPG
2025-12-10 07:00:00,26.65,27.0,26.6,26.65,19708000,HPG
2025-12-11 07:00:00,26.7,26.9,26.5,26.55,17142200,HPG
2025-12-12 07:00:00,26.6,26.7,26.0,26.0,37088200,HPG
2025-12-15 07:00:00,26.25,26.4,26.05,26.25,23939400,HPG
2025-12-16 07:00:00,26.35,26.95,26.25,26.7,29329900,HPG
2025-12-17 07:00:00,26.7,26.7,26.4,26.4,16546600,HPG
2025-12-18 07:00:00,26.4,26.55,26.25,26.4,18777900,HPG
2025-12-19 07:00:00,26.4,26.7,26.4,26.7,29580600,HPG
2025-12-22 07:00:00,26.7,27.1,26.6,26.9,54880900,HPG
2025-12-23 07:00:00,27.05,27.2,26.65,26.75,29588500,HPG
2025-12-24 07:00:00,26.85,26.85,26.5,26.55,23136900,HPG
2025-12-25 07:00:00,26.55,26.65,26.25,26.25,29780000,HPG
2025-12-26 07:00:00,27.1,27.7,26.65,26.9,94035000,HPG
2025-12-29 07:00:00,27.0,27.0,26.65,26.7,16525200,HPG
2025-12-30 07:00:00,26.7,26.85,26.5,26.5,24581900,HPG
2025-12-31 07:00:00,26.45,26.6,26.35,26.4,20149700,HPG
2026-01-05 07:00:00,26.4,26.55,25.7,25.95,46487900,HPG
2026-01-06 07:00:00,26.0,26.2,25.35,25.95,39616600,HPG
2026-01-07 07:00:00,25.95,26.75,25.95,26.6,37249700,HPG
2026-01-08 07:00:00,26.7,26.8,26.4,26.4,37518600,HPG
2026-01-09 07:00:00,26.8,26.8,26.2,26.2,35089300,HPG
2026-01-12 07:00:00,26.35,27.6,26.35,27.5,83534900,HPG
2026-01-13 07:00:00,27.75,27.9,27.0,27.25,45777400,HPG
2026-01-14 07:00:00,27.45,27.6,27.0,27.25,53908300,HPG
2026-01-15 07:00:00,27.25,27.9,27.25,27.6,61937700,HPG
2026-01-16 07:00:00,27.8,28.25,27.3,27.6,65577000,HPG
2026-01-19 07:00:00,27.9,28.2,27.65,27.7,40465900,HPG
2026-01-20 07:00:00,27.85,27.95,27.1,27.25,44169600,HPG
2026-01-21 07:00:00,27.15,27.25,26.65,26.8,37234300,HPG
2026-01-22 07:00:00,26.9,27.3,26.85,26.85,27732600,HPG
2026-01-23 07:00:00,27.1,27.15,26.75,26.75,24233600,HPG
2026-01-26 07:00:00,26.75,26.8,26.15,26.3,33759300,HPG
2026-01-27 07:00:00,26.35,26.55,26.2,26.45,21014200,HPG
2026-01-28 07:00:00,26.55,27.1,26.55,26.7,29982700,HPG
2026-01-29 07:00:00,26.8,27.1,26.8,27.1,27608700,HPG
2026-01-30 07:00:00,27.3,27.5,26.75,26.8,40558400,HPG
2026-02-02 07:00:00,26.8,26.8,26.25,26.55,44024300,HPG
2026-02-03 07:00:00,26.65,27.1,26.65,26.75,32029900,HPG
2026-02-04 07:00:00,26.85,28.6,26.85,28.3,145418100,HPG
2026-02-05 07:00:00,28.3,28.35,27.55,27.55,32887100,HPG
2026-02-06 07:00:00,27.35,28.1,26.8,26.8,67073000,HPG
2026-02-09 07:00:00,27.05,27.3,26.7,26.75,24310400,HPG
2026-02-10 07:00:00,26.9,26.95,26.4,26.55,32543400,HPG
2026-02-11 07:00:00,26.65,27.1,26.5,26.85,26495200,HPG
2026-02-12 07:00:00,27.0,27.1,26.75,26.9,13137000,HPG
2026-02-13 07:00:00,26.9,27.15,26.8,26.85,24069800,HPG
2026-02-23 07:00:00,27.1,27.5,27.1,27.5,36086500,HPG
2026-02-24 07:00:00,27.5,28.4,27.35,28.3,99498300,HPG
2026-02-25 07:00:00,28.4,29.7,28.4,29.3,136409200,HPG
2026-02-26 07:00:00,29.5,29.55,28.8,29.4,54496800,HPG
2026-02-27 07:00:00,29.35,29.4,28.8,28.8,47306500,HPG
2026-03-02 07:00:00,28.2,29.25,28.05,28.5,86907000,HPG
2026-03-03 07:00:00,28.8,28.85,27.6,27.7,69294100,HPG
2026-03-04 07:00:00,27.6,27.85,26.8,27.7,68275500,HPG
2026-03-05 07:00:00,27.95,28.15,27.1,27.25,47998900,HPG
2026-03-06 07:00:00,27.0,27.6,26.85,27.25,44351700,HPG
2026-03-09 07:00:00,25.5,26.15,25.35,25.35,120981900,HPG
2026-03-10 07:00:00,26.8,27.1,26.15,27.1,91236600,HPG
2026-03-11 07:00:00,27.15,27.65,26.95,27.4,49913200,HPG
2026-03-12 07:00:00,27.0,27.15,26.65,26.8,44045900,HPG
2026-03-13 07:00:00,26.7,27.2,26.5,26.65,28666500,HPG
2026-03-16 07:00:00,26.65,26.95,26.55,26.75,19880400,HPG
2026-03-17 07:00:00,27.0,27.35,26.9,26.9,24176300,HPG
2026-03-18 07:00:00,26.9,27.15,26.65,26.8,23058500,HPG
2026-03-19 07:00:00,26.5,26.85,26.35,26.7,36837300,HPG
2026-03-20 07:00:00,26.5,26.55,25.9,25.9,60885800,HPG
2026-03-23 07:00:00,25.65,26.2,25.25,25.5,44362900,HPG
2026-03-24 07:00:00,26.0,26.3,25.85,25.95,27778800,HPG
2026-03-25 07:00:00,26.3,26.4,26.1,26.35,22967100,HPG
2026-03-26 07:00:00,26.3,26.35,25.9,25.9,18424200,HPG
2026-03-27 07:00:00,25.95,26.7,25.85,26.5,26863700,HPG
2026-03-30 07:00:00,26.15,27.1,25.95,26.9,41276100,HPG
2026-03-31 07:00:00,27.05,27.25,26.8,26.9,23553000,HPG
2026-04-01 07:00:00,27.35,27.45,27.1,27.15,31503700,HPG
2026-04-02 07:00:00,27.0,27.5,26.75,27.35,50005700,HPG
2026-04-03 07:00:00,27.35,27.4,26.6,26.65,31383300,HPG
